# account,total,base,early,referral,loyalty,guaranteed
14rzbF3a21Bucxqw1ysQcTeTTk4136ZNFdZhcW84AUmnD6qj,55.0,50.0,5.0,0,0,0
1344zprT7A4VFrQ46GJycLrjhBoYjf1RcsjbRLmk5DtsYshV,28757.831553600005,28757.831553600005,0.0,0,0,0
167PToyfQrLwshXJ9cymcuW6d3FHmWos6XpAPJ1sdyjQ6iat,30.0,30.0,0.0,0,0,0
15BTUhuPJ2XNZxW23pHNtp43VuR4RdmJFhBbnXSEo4em9FLS,13.875,12.5,0.0,0.625,0.75,0
13HCekJwYwRLJttS5wGwsdh4NoqRnwVEadFEE4d3FSeLwj1U,328.125,312.5,0.0,15.625,0,0
16UVLGBUyYTMsb4L5yhQiEZBCwJSUcUvbUzrFYMFPVNzFJow,75.0,75.0,0.0,0,0,0
16i9qG4q646YGfaK5xYG1vLa83mSoxeELYabaHp4xb7cn2EA,200.0,200.0,0.0,0,0,0
12hJQKcUbHs1yR3W9vdoqZQhQJxLZGM4jCs3LrERjStby9Gx,28.5,28.5,0.0,0,0,0
1sJc6jqNYmLUcBLuUCK2JA48Qkk96xNS3znjZW6svgUcZrX,11401.630000000001,10501.630000000001,720.0,180.0,0,0
13TQodmEWJki4ZBZubVJ3YA2BqUr3GdTeXhGrBEYCcFdw7a8,39.375,37.5,0.0,1.875,0,0
12rfaJwY44TGoAZFTkLfihaArDx6WX3XSRGYAXYjixweLaYh,39.375,37.5,0.0,1.875,0,0
16rFYvjP25GV4mzz7A5MmoPLkCBJvTJtTEXK7tWA5cPM42K,12.5,12.5,0.0,0,0,0
16fk7dES1CTYgZC9EC2o7FDCMTfNJ1wfCqLcxojmSs4QUYDZ,30.0,30.0,0.0,0,0,0
1295N2Fg4MFLe4BMwZ55MyiH43tRAdGih69fK62qMWjiVFv7,12.5,12.5,0.0,0,0,0
12gdM39hCbSbz7SDUK5BazQBVTc1Y4vQN8ZT3H4Mit2dqGME,37.5,37.5,0.0,0,0,0
15E3fKzh83mtHuqjcQbE1tB6X2A9DbQqNZ1gieY5MjWUoMs2,37.5,37.5,0.0,0,0,0
1122baMYr18CfTKPqRerzM4Zthv7q6b3aJtEbugg32g39GK,416.25,375.0,0.0,18.75,22.5,0
15XKmsS8ZtdyZoBWKFJTTNZDpALW7q9jNTw34GyH5afukYUW,25.0,25.0,0.0,0,0,0
15FbT22gc9aqT1DFyfxUyPerbhyY36F4ATXFmKRVBBRvqLYF,25.0,25.0,0.0,0,0,0
16anjSqA6BgHhBTkTSn7N4cNpibFZoFVkiyGdw5RmpLr884m,20.0,20.0,0.0,0,0,0
14SP2wGY1Wan8YVcHw7ymaxZBoxTfAVin32Kw1suycjyebJF,37.5,37.5,0.0,0,0,0
1QzE4ytk28rRkjGj3BHRuvXzqCShdRqDgbnAWWzphGJdQUK,15.75,15.0,0.0,0.75,0,0
15tfTjqiYyu9drZEUZop1f1C8CMXdNEKcE9rAH1SGmyPof1Y,75.0,75.0,0.0,0,0,0
143DYKgvLzjVYwAtDmAnBdWJAjCNjALakH8Q8tCb3C5cv9sd,13.875,12.5,0.0,0.625,0.75,0
12HUc7LY46xhFKe7o9KAvEDBHmj7WzgKPMxiAo78de6d1AnB,13.25,12.5,0.0,0,0.75,0
14bD5TULu6NkeXHihyedNBbAjznV6nhmBdDCbaGP7JakBGg8,13.875,12.5,0.0,0.625,0.75,0
12RWHAza11ovgybfvDA1KLkU8fZAAmUHVXdzxGjSe65Xwtj4,2479.4650000000006,2132.7500000000005,218.75,0,127.96500000000002,0
1Kg55ok4FJaEzYKyBocvxydET5VY6SHkKLtyo5JiX3Xfu6g,15.125,12.5,0.0,1.875,0.75,0
16i4ZjB7UQEuP3gnYDJqSHjRC8bW4FacJca9Vvci2ZEpGhJ4,278.125,250.0,0.0,13.125,15.0,0
1Hz2bXCiohTaXwh6xJLxXzFK6SNdMB6z4m8DjLM9p7Y4t8d,12.5,12.5,0.0,0,0,0
1YfJuBSkWeRWnfTXLFKYCtPwKooqgzAJGc3ubEyMxxtNa5C,15.75,15.0,0.0,0.75,0,0
12rZySPxGJumyvVeYQnmYWmR2MB71NvPfn3MK7yuwchigdnU,25.75,12.5,0.0,12.5,0.75,0
158YuZo7ay6Wt3pXv9RfHiiWAvyDoAN4h9eMA4VVSsc72ex6,75.0,75.0,0.0,0,0,0
167mUJRdKUzo5V2ZEjZdiHb2LU8j7S3ardiigP3Ctxd3iMLg,197.5,197.5,0.0,0,0,0
14m8bHP9zGEi5mf787nwCdMgRz4sHTKqjHo9DcrnBrntiEqn,25.0,25.0,0.0,0,0,0
1YppUP5LzL7bYoCJhYm9tvgf3FeDyDb8eNVLAaEF4tSX1U5,12.5,12.5,0.0,0,0,0
13jCr7UtY9v1E9EXxD8FqoxB4S4fF5YA2XKghHts6P4zEGud,26.25,25.0,0.0,1.25,0,0
14MeTiQLrLMvL5XkSdgVSBYAx6HTBVzvDqHQbk8cqPysz2A3,37.5,37.5,0.0,0,0,0
13W4bebNSnn1wJczQL167jZExrvaw35fbkZwDErTbNmfsSjo,13.125,12.5,0.0,0.625,0,0
16coe8tdMWB5FbDYeKJYASdGzPgtHHy2SEjMXoCQ6VJWGHqW,131.25,125.0,0.0,6.25,0,0
12irGvTcQQ9dVYH6N39cTX2pocHMVBZFXJy4kVphDXpeJiBy,13.125,12.5,0.0,0.625,0,0
162AdhpX3PR6TSZBsn1yyTmGTXhqxCesXkJMxbpiYD51p3HZ,25.0,25.0,0.0,0,0,0
14BDvLyFepDXF2sbD8b8S8ie1jjmoxHASjaviQUpHXY9M9xj,85.0,75.0,10.0,0,0,0
146Z8Am1xrH7V9tVRXQyaBgjxX9dWQC8uFTpunijyoUA3G4E,50.0,50.0,0.0,0,0,0
1EL6n6tdYzaMfCRMz4HAC6tsQRAfqEB7anvpsxVQptRiWC9,13.125,12.5,0.0,0.625,0,0
14BkosK4HYbZzTbyBBs1bMTx5Wm7UpsZFDC4QWceDcE82haj,37.5,37.5,0.0,0,0,0
13N8PTjq8Nwk8CS5TgGd56EWWqpBAhTtqPYfCdQABdBhTk7E,25.0,25.0,0.0,0,0,0
13mbwwcrqDDeU1qoEZnoz6VQFWi9mjbCCrpWMzF5bmGXyAuL,57.5,57.5,0.0,0,0,0
13v7Xxu7BrJi7PxcWtqboL1LwSBMnhTNqkaNM1YwYMBVrMPp,1120.0,1120.0,0.0,0,0,0
1prWT2w4qngWcYm9YnKeEjD8FxErxBqcZRFbQCbMJEeqXHt,13.125,12.5,0.0,0.625,0,0
13QqeLHriWyErtxBuHJF77qXvbdTAiukoWPfnV45oKwY9dqR,13.125,12.5,0.0,0.625,0,0
15SfuizfuYeq7e56aR5LMeE742yVHiSL7qPbqWkw8ADrD5hX,12.5,12.5,0.0,0,0,0
12x3QCa4iAyNGa3p5xKjD9udVRLbvs9ogJJnNa3wQTHCG6qs,83.25,75.0,0.0,3.75,4.5,0
15M8zo5VJZNpUuZrtsDNCz3XuFRoMXvV1xKkpCDjFQVSGuYN,12.5,12.5,0.0,0,0,0
16Mg8w6tA3Chu8w9sw1eoQj9STQufv46RJHJKGJ2nUeogyzz,13.125,12.5,0.0,0.625,0,0
1RfYnpz9vsjMinwPMq68hBEtDqV5SnK4ySQ8xuhiRVMRfqK,12.5,12.5,0.0,0,0,0
155FCYM36twudQbPA7Rf3rhDMSTcwvRzTLiSFCU9pQQqeEgh,62.5,62.5,0.0,0,0,0
14DmFwCMejLxDNkvvWdHDQsSih495wFikQEs4Byp6vNVpEDB,60.0,60.0,0.0,0,0,0
14PyLjMaFdwQVkxgkXyrpP2hrzhaYHTeatFZ9D5LvFQ5AUQA,25.0,25.0,0.0,0,0,0
15oqo3dvyC6ZhoK1gtZCtQZZ6eejSNjv4yqA9dZ94VJqzuVo,13.25,12.5,0.0,0,0.75,0
1mnzg23GLFKiUL3QfXddzjtEXYt4DgwpwE84mooD8d6YbUU,25.0,25.0,0.0,0,0,0
14QJDtmcqN8BBDokMckA4yt7Xo2azfNCEuib6fP9VBnWtnTG,62.5,62.5,0.0,0,0,0
16YCjvRefNC7aWah49wg8Bhg2mLaQ3eGyPaHbGdBKhfeiywK,15.75,15.0,0.0,0.75,0,0
14iqyH7sTYkzqFc7xJ1N9c4v6NS259vqgDW1x1sZv2JjabTd,250.0,250.0,0.0,0,0,0
14MfMneYreqnLiZ6tG5HkgMj3pALsqnEtcrVfBpk94MQoSM1,325.5,300.0,0.0,7.5,18.0,0
1U7YSbZTLTkFCSpDJcxMeyVwgTrzQYTguQ6DgvoK3vuQSC8,13.125,12.5,0.0,0.625,0,0
12NUQX9fUmVUYrPWXgqoFJ9Y4x7pCeTHXPsZ3y1enPuSk9nv,183.75,175.0,0.0,8.75,0,0
13KM3yiBt1LgvS3LV79oUp6XPnkNvxJGCEyCDpK5apiHw26v,12.5,12.5,0.0,0,0,0
123W1hyaaKynJbjBP1DPrHtD8LK9DLR2MFjzYoJE891wSVZk,105.0,100.0,0.0,5.0,0,0
145LRiFzeYiELqf6wUSrNk3454NPsvjYVMdWkvPHjd9MnuKH,12.5,12.5,0.0,0,0,0
14T6sqDGGVryTUR4Es97GiaAKi6xRaaMxoQ7Yn1ZHdiTRaMG,25.0,25.0,0.0,0,0,0
15QFsigLPJ5iRnjHyHchvvFHpeVtSRNqV8GNQon5WyH5Y28X,13.875,12.5,0.0,0.625,0.75,0
1221CPVzwv9EGDSUzU2kHD5pMfBGxRQEPseQDtJUGx6M4LhC,125.0,125.0,0.0,0,0,0
12Qv31rQMurpXXFCP12WyjWdiHG6iMPHr3VyjNKQuUcHFQCN,86.25,75.0,7.5,3.75,0,0
14mxbAA673Eo7ywavEEKUVg9FGA1EiK5Uyu4F9jBwTdxY9bf,30.750000000000004,27.750000000000004,3.0,0,0,0
14oLWf9NJREir8Tsdgk9LqFocvp4x6Ws7Yr7ogDtfKSwYZTR,25.625,25.0,0.0,0.625,0,0
1N5B9P5jLyXAWMRf6iCvmzMXSahtN5xJ9UjDwL4PuX3ES9u,12.5,12.5,0.0,0,0,0
16MFt3razn2G1gBv4FcQMHJpRpZ3eVryH8GmU7HCbrMyXcs8,1250.0,1250.0,0.0,0,0,0
13m4dJG1c22A8dZBp1B8jjWhkqb4wSJiw3hq4oGgHgAyesHS,25.0,25.0,0.0,0,0,0
15aMMHhHtUCdrGHWyzP8bAFs2yK65dsfZBJXszBfJ48EQmNN,50.0,50.0,0.0,0,0,0
155Smuw6EvfMdK5ECoviMBre82RRHxn2HT8S5k29Te4qZ4jW,41.625,37.5,0.0,1.875,2.25,0
12p7gcHw3K6ndosYMaMyn2TTVVBLAHiUWSoEZD8LYDWpxpEm,13.125,12.5,0.0,0.625,0,0
15oPWUurh95ruTYQcJ8twipXrCy2Zc8YGyCMubCCJhwn3Lrf,25.0,25.0,0.0,0,0,0
15DA2Zh5eiGxfAsuT8zzP49myMxmaWvWzbAwyCLgNgB5ZjNg,19.6875,18.75,0.0,0.9375,0,0
1GsXBYuLpS5tobCbgfXZdcmgBd9pRq1CHaiNUGbLmhrWP83,26.25,25.0,0.0,1.25,0,0
1nYj95GmvbqjGBPtARE7TaebTGCirTw8biiM2CrddfBrQuo,150.75,125.0,19.5,6.25,0,0
1nTMPZZkcTrviyUg6eYzg1ppjcxQgAYbsqaB2fSVxoBYzJm,70.0,67.5,0.0,2.5,0,0
14YEuhySSu9bio1BDPDFT3T1YvSBH7pQndELyaJNnV19Zqwo,926.5,796.5,130.0,0,0,0
15XNe1RVhrxiRkkgTbW9S8u5GsVu2ME1hZPfYLU9hdcnGAit,26.25,25.0,0.0,1.25,0,0
1P4q1qH1KKAAv7ttpDpZqNSzhtXu9GR42J26YDxKSvPfWrH,32.5,30.0,2.5,0,0,0
12UB58j1Tct7A2Dp9gQaLeZPjpQiLV6vMucnTtDrFT5GacV9,12.5,12.5,0.0,0,0,0
14Q2XzQ79AMYa73zbv7AqT5EpcE325sJyVhs4atZRdJStzw9,460.0,460.0,0.0,0,0,0
13xEFe1t9WC9MepGudp1pJdqyj8FLzXT6zrGdeEUksqEdwSp,26.25,25.0,0.0,1.25,0,0
1497NfVGRxkMEffstVz1EM6SByeLr8UDkPz8RoLSLPweEFEx,300.0,300.0,0.0,0,0,0
16cqY9CLakdLLJxsggAHCNwkcrW4g6HodiZ7SfFyRNtx94Hs,26.5,25.0,0.0,0,1.5,0
12pGs3Q98XfAi1HmtgCYXgFTGAnXNXqYA11aYcYvv9FYDJ56,937.5,937.5,0.0,0,0,0
1h7tWtERT3sm52Bt1svSWr4tSvvk6VFu5QdmKsVBYrH8Gtv,425.0,425.0,0.0,0,0,0
13j7P1kv4r1UTD2Uq6MAwiNCN2coeubMmEFpPtDbnWaT1dmd,13.125,12.5,0.0,0.625,0,0
162N17YmXJZitXJV1YN9roQfxdqDaUYLm7KDF5jLXyvCiVxL,13.125,12.5,0.0,0.625,0,0
1652ErX2oQv8schxZgf2oW4SKMKLmnm2rwDD7yemqBHSj6yW,105.0,100.0,0.0,5.0,0,0
14DFoYHPjueFUjxx4YTwjm5r7E3PfQf1vGQfKJTsq92eY6JN,25.0,25.0,0.0,0,0,0
13jLUR5FN6hgRLf43shkJVtsoVXwwkxMgagqXEeYA8N1fWf4,25.0,25.0,0.0,0,0,0
19oD8K33k3XVD7sfHGM59Pqx5coVb2PJVxX7kDPvgvP9PXB,26.25,25.0,0.0,1.25,0,0
12CPqEyyuFsjX3zCoW4ALa34J9WgvwkDExbYJyQgz3EhiqwK,113.75,95.0,15.0,3.75,0,0
16hy41frbkdePMR5drvw6e78fBa3tsqY33HcjZivt2n8bco,125.0,125.0,0.0,0,0,0
1hLezFWXx5GwayiPYF8XhRPPTxw8Jf7MpBrrr977jLBFbYc,20.0,20.0,0.0,0,0,0
1NqJ6BWWnaAWCp1shqtu5FzkMCux7yABoLksNmiXaEKhHf9,25.0,25.0,0.0,0,0,0
14aWEjXUScg4xFhkBSft3rwp3NyT2uVNDBv2hqCwxTax2GQC,12.5,12.5,0.0,0,0,0
15mePqRVfRihDcQnhHbTJKNsvmtpXTFiaq1Y8MMopXfqnHkz,250.0,250.0,0.0,0,0,0
14dFfNEuXzatzeaAoDfAsRddd2QbBKLZVtAtPd3FMg61jffo,262.5,250.0,0.0,12.5,0,0
1EWc49pDmeiASaLbuoopqAg5t1xxV6HviusEXPj4MDmJPob,15.0,15.0,0.0,0,0,0
129WynRjDQ4bcwMV1Fczg2u4VhuTJStgTFkHaogv7sM1NHPQ,48.125,42.5,3.5,2.125,0,0
13GKyMRuNeYaY5tkr2YRSTGnA4jSq2K9jfnP19GNxeyF2mDJ,2500.0,2500.0,0.0,0,0,0
12eTXg4AW3ZmqMSrRG18rgHCPKSqU72CYs9MWAdMx9EQsfQW,75.0,75.0,0.0,0,0,0
14M9nhWQbn6vc2moNfyn4MvzLbjuhxjwsEtJdft8EHb9BnTD,12.5,12.5,0.0,0,0,0
16J6FUtR82t5CPhje7t5pCamdAHbg2CgF8QtLhSpMetLipXN,783.5,770.0,0.0,13.5,0,0
1etVBRHddmMQeMLo93iC5eZJGxHZWVXsAgPaPwUrUpWZndL,25.0,25.0,0.0,0,0,0
14B7GXy5LHoaadrxjxigcrBbEb1hEYngqcX1vZYxYxdrm6JH,50.0,50.0,0.0,0,0,0
13mKxTPRxBfcRKKnKXV78EqLtcfi3mTnfWtU5pmtmTf9FbZX,20.0,20.0,0.0,0,0,0
12vD8rRmicJwvuiA5a9drrr37zyzJm5NcrU5FLs4xCdr3vgc,144.75,130.75,14.0,0,0,0
13iaRNhfqYmkrUKz6g8jknDUJYAfZ21CnbAphRdyN3gbTz22,25.0,25.0,0.0,0,0,0
1P8Gz49sHnWT2GRRfbZasszbNo2kbatqmVMP5LxUTm5VDb4,33.51331847125,33.51331847125,0.0,0,0,0
16fhWKdcGaB9FqqPTqRMT3qPZLDdTfVZSy2CZDSZ6bAbg19K,19.0,17.5,0.0,1.5,0,0
16fMBMnyE3z76E6H3JaGDD51uFXYT8p3XQZARtjfdoxPNMY3,125.0,125.0,0.0,0,0,0
145mzqaDTuZLg6F5vHz2vCfyApgSRNNJuEq6tThDAgis2wVC,17.5,17.5,0.0,0,0,0
15MhSfq2QmptbWgnLdATo9tRHva8j2gwtub1f6wUacdCs4fT,12.5,12.5,0.0,0,0,0
15iQfD1p8rvSczQ3K7KMrSqpNaYZv6FJXVwZYQ4Vj7DyHzxJ,12.5,12.5,0.0,0,0,0
1C5nu3NvXoddMBud1cZy9hGkhXcqUbVBMZT2RLwSoUtoBPH,37.5,37.5,0.0,0,0,0
1ZJLmvThC4QPwmFue51aoPAHfgFTf8MeaqzS7TKNSP6Kp8h,50.0,50.0,0.0,0,0,0
13zFVp9pdsJCJPeVBBRiSAkhBgZ4qENVEZBvfbs9Ft4rHVM8,200.0,190.0,10.0,0,0,0
16YDj6RpZuerqhkBsMG1ZDeHRvfhMMUoWzbsukWkAtjoDGrS,125.0,125.0,0.0,0,0,0
13mcvsaY27cgLUNXmVB4VouiLASJEPHrWxXV1WD9N7xCUFum,36.25,36.25,0.0,0,0,0
1Rq8hAT75PwJ73T7tWauWmf53J1422K5cYXTFVJzsaFSPsi,12.5,12.5,0.0,0,0,0
1veQcfEqvbvTjnRL6UAv5S6jFdxgVj4V2xFtLJTFBqrnxYY,12.5,12.5,0.0,0,0,0
16agMTmtZCiQEVVny8imTkP3smWGhETbPZTB8pPzifEagu4o,100.0,100.0,0.0,0,0,0
16bfZ4bf5p4j6pMcQfrSDBB6GFKg4Eqm3Wb2WvNX3WYHWgk,26.25,25.0,0.0,1.25,0,0
16AGPe7EcMcmW3tPUMgxFTmxRhYqDiezoaZ5RAUMSut3gCgv,45.0,45.0,0.0,0,0,0
14E8vzBzboBjazyxcd8ksdzga5RMG2Q6StYt9zMfNAZYe43y,13.875,12.5,0.0,0.625,0.75,0
1568fvWZtpHwvsgfTyPdDpKB3TV9FrPCHbTLXjt4W3E8UtEJ,26.25,25.0,0.0,1.25,0,0
126iiXc4QxU9hPmaWaFyFNN7okPEdPF85Ut6d8CuRkQUYLTD,35.0,35.0,0.0,0,0,0
16SF21tJ8xYpj97kQaMmPtEMpUFvwnu9GjAKQjPUb7ATXsJL,27.5,25.0,2.5,0,0,0
14QPqyefE2SMfrERDxqUCbpb7cAdDot278sqX4S1B96iFK39,12.5,12.5,0.0,0,0,0
14tt4kfALYkNM7RxzaXbTweAMPsgQkD2x2qdPJBi1LsuHecR,375.0,375.0,0.0,0,0,0
13XEvRJfr2LXMDeEcPsJJrEcgkddaCuH6NtYrqDKWbZF1xUV,37.5,37.5,0.0,0,0,0
1BW3PTNHxqdCxX8Lj8Y6eST4cBVu7nHxSS5TuNKWS7ddUr3,12.5,12.5,0.0,0,0,0
12Z7GZP9c4U5SiAZQqrxbU4ewC4oSH3vAptohCSta4ycfSpM,25.0,25.0,0.0,0,0,0
1243URjJQiLE8e7JwAXXijR55Xzc1tmDnDTy5WKmUdWw5YBr,25.0,25.0,0.0,0,0,0
16FT3JDaptB9pbfGXjwHTREY7pwgjBas4Ba4U3F9xEMfVm4v,13.125,12.5,0.0,0.625,0,0
16MPY7S76d4tWogy46DY7mhMuWHJxvg2mkWt53QXd8kzU4TW,125.0,125.0,0.0,0,0,0
13rr9WkuzXFFVsFuVEoUmuGytbzPRY4FmexbpFsA8tqcPWUC,12.5,12.5,0.0,0,0,0
14u2TVx3yqsQftbjZpyWY3TU8pJohjhJSMHhUxZQuWqZtuWT,12.5,12.5,0.0,0,0,0
13trEekMAD48go8QCqTQkFFSnitukrMS8hF6wvg8KBA5XAEK,12.5,12.5,0.0,0,0,0
145MpajDRd45NTbGDRvrWn4gotzsoSH8eo2BTFVJCZW1GEgM,40.0,40.0,0.0,0,0,0
133sNDgs5DxCa1WYrFaud4KXk6sQbopPozvCmRSQ4mkgkKZc,25.0,25.0,0.0,0,0,0
12WQMXdRuQMnEKohGtFEsmShL6h1ukkNLHktxgqBetZCvjvN,12.5,12.5,0.0,0,0,0
148ckXUEBy55wnvG11i7Z8hBEPMuqNoz3QPS2JticqL2XW6r,13.125,12.5,0.0,0.625,0,0
14ap5hart7QopNwhpP4kCZsYXbG2wNHfbNYmGbni2TsrMBVM,26.25,25.0,0.0,1.25,0,0
14KgbdqyJVuHPYxaFGdfHW2FmeANKf1FNo5oDTqcXnMrSVvc,106.0,100.0,0.0,0,6.0,0
165WUZYrGUcX9UhatAf8w2CkZFP5x5LSnnHGsaJeVYAG7Lxp,13.125,12.5,0.0,0.625,0,0
148CsugRr7Lkpc9AkEBHiVb6H8N3o6Dm5aKcDgqQ7iKL92sw,1875.0,1875.0,0.0,0,0,0
19Hp6P347DSyW2PQ1Xa1L5FWuPMz2uqpeKNm74zho8Hvf89,25.0,25.0,0.0,0,0,0
14Dus1QZeFQwZSD39g5rqGQjE1rpBcY6gimrGA6QSwz85LUt,25.0,25.0,0.0,0,0,0
15iBffgsmbFu4sMf32uVSArffmEKNd3mN5vug5BuDmkQWWgc,14.4375,13.75,0.0,0.6875,0,0
15KFNQfovBvmjtjac5Kv9ghyJv2c8BBVxDSgGhUxRMTJnN81,1250.0,1250.0,0.0,0,0,0
1HQxDHssJfoJ9QfJJBruyZgYnTRSLYXNBhz2cdxxHxnGSTz,12.5,12.5,0.0,0,0,0
13xN69X1JXfeFAQbPektTx3xfSgpKVCL6zMAj6wm1Qkqdep,12.5,12.5,0.0,0,0,0
14DJYNxgwUjKRStP4mty3Y8V4HsmqQ3ikhjGrRwyHAaVGL9a,13.125,12.5,0.0,0.625,0,0
13K8F676XUFdJ32xDHJwJ7pm2oeDrgKopvEe8th61c8CxEec,26.5,25.0,0.0,0,1.5,0
157zF5VbnwzfaUZ9wuf9F2MP9BGjLLzSNs6o3kMuyXYn34Z3,26.5,25.0,0.0,0,1.5,0
124bJfQvLhZdkfusvqbELgyzc1youXqkoUcGK6cjvC8zwCVA,41.875,37.5,2.5,1.875,0,0
15BKZq8CeAVrU1QCU6muRAFwMjUCbX7d83Hd2JhZoUUew9jN,50.0,50.0,0.0,0,0,0
14KPDheHpJX2QBmFy5RKsyjcF9vWVotypk9bVgBXfVBVfbds,37.5,37.5,0.0,0,0,0
1W1zqjrwxgHjnzf5vgj7Lfqu9yTMERtBNHEXDaWSB75hbym,13.25,12.5,0.0,0,0.75,0
15yankSLGEe4nSMSof18oV5Hy7e5q3zx449RJB6C1jFhDHkU,13.125,12.5,0.0,0.625,0,0
14jHxoyrnxJ6ZbJK5DxQbxrcamdLNeoP1BCPCHkK1hwbEadH,26.25,25.0,0.0,1.25,0,0
14g78i4vzgtdPYjzv4PYUAUYZWq5WTc9YVyiM1p6rYLeQU1i,26.5,25.0,0.0,0,1.5,0
1cMyTJFNrv1BFyEYrDLuM59CHnAQg6YvSWYPbL2x5UyrJoG,12.5,12.5,0.0,0,0,0
13KjMS3xfW4BVPNMnyHxueEEHWVoppmQXni6fCx4j7aFnoSP,12.5,12.5,0.0,0,0,0
138nLqFBA418PVhyn6g9X8QsS2PBbys1oDVmi4W1AKfMqWjw,52.5,50.0,0.0,2.5,0,0
1sMzpSVrF39R3ZbZQSnCMvV8p1wnjBWdnjzrJ6SRf6GzE2X,13.125,12.5,0.0,0.625,0,0
13jAMPXV5x9LMc823a49AzkYVv5vbK7tZ38dHQ1XnMXpBdgF,12.5,12.5,0.0,0,0,0
14Dszt4fhvxfKq88vUtMrWB1CU4TjLQ9hFPmKXxHzLEgSVp,12.5,12.5,0.0,0,0,0
16UqfTGEdcUSSyTLQ2FoHBg9pT7FMDBSN1GqmWiYDNDhBNo9,437.5,437.5,0.0,0,0,0
15qpyzN6rf8GF87dJTcbys7dVhB3Mkc3CGDLtut2XGB1hiS5,48.25,48.25,0.0,0,0,0
15KMYPUKwf6vmk7eGxtu6mjQmr1BYRMbQz35oHE9fo6Kz7j7,12.5,12.5,0.0,0,0,0
1v3cHXJtNeG3C9j3fK36d6gQptLAStDN7HP4E2p6pRVGCAa,62.5,62.5,0.0,0,0,0
145S81LdUkgA7oCinjTgbHGV7wTP977EKgPf5fFa7xfZp9iC,750.0,750.0,0.0,0,0,0
1QceESZXsK1mRbQMDjiCriMLgZHQad9ehkbya82r2wfCyDr,25.0,25.0,0.0,0,0,0
1NJ9bbrFKPCzCMSjFMLrbVZWqrQVWPLiRFktM4isgYKwCbf,250.0,250.0,0.0,0,0,0
1532nvv3NA4rwU3QjqchwKtyhyaLrsMXRAaqgci7tW6UvS1m,12.5,12.5,0.0,0,0,0
13afZ1SW6kFSWFCjRZnEXhd2eeoMoEfJ84zurfeKs71Ay82h,33.125,33.125,0.0,0,0,0
14ovz9H1cEYk9VKFshvH35xm2HfhpLxmNcWSKF6bejbqutzD,12.5,12.5,0.0,0,0,0
158FQA5t2CWzNh1gE9ikbwx62HwFXRaCtSrgZvxXhLejomt3,13.125,12.5,0.0,0.625,0,0
12RDRnNGBGP7E7vj77FWh4PTJUPLEM7wo1Zr5ahR7DHWn97s,12.5,12.5,0.0,0,0,0
13gGU39doNgzRBQoskBo5VDxmPRtAEQVHc5R4mu4zfiUQ5SJ,197.425,186.25,0.0,0,11.174999999999999,0
14MiFcceGTWZaxYF87ksdQYjf3v1ojJZbgJcCAVwoedhsd7X,36.75,35.0,0.0,1.75,0,0
13GjoHMrPhYzBAvFvSNSD7UBwbK5La524kyd8sBtHx2rCjUq,25.0,25.0,0.0,0,0,0
121S3JEq5uKm2PxXeFbvt6F5mxzP3o1eQVcwa7jhPLP1xBxW,50.0,50.0,0.0,0,0,0
16B42AA5NjJ3KDwRd1vs994D2quBksDTzXFbnh5Bz2ypHS94,26.25,25.0,0.0,1.25,0,0
13NbeV925zieQxNKWenLuFxxu476c8R4PKrVkVGUBmfJnUG3,12.5,12.5,0.0,0,0,0
14Vc6kXYDEBfco29mfNCiQkRc13FLrsKkEHQBDxFpe2o7yDH,375.0,375.0,0.0,0,0,0
16fNuCFyGrvHYwVPz4196CYNeqVS9SrAvVpDKwGxXJQD6Cuz,25.0,25.0,0.0,0,0,0
13Qi2aTa7anxxkLp2fTMPuudacErffRU27PvsYzRaNJJX6vH,12.5,12.5,0.0,0,0,0
128taPsHc6ccYTHpjAuZwPoabYGcvMMgQsmwxFYFRZgKHryH,12.5,12.5,0.0,0,0,0
13w86RUn57U4kwMDYhmspJmqnxzoxs1bPNa6vWyQKS2D9E4J,25.0,25.0,0.0,0,0,0
16nRepb9NKqnS4QGYVLzmWohrY2cKpNg6zqCgD85f6wKRdXt,25.0,25.0,0.0,0,0,0
12GZebyzWjH2tGMFryVrhHzMx87gr9Bh345RtpEDM4UeCFRn,37.5,37.5,0.0,0,0,0
13bH1oxqnTwZFtzCvncRfXWoXAaZHVdDesRGcYvHnZ1tQPm4,39.375,37.5,0.0,1.875,0,0
14Q8fM4k1KRg2AA5DwUztdfwap1ALJVHdee7YYYpBgW6nioP,12.5,12.5,0.0,0,0,0
13gM1YS3qRJFpwvPDTLqqQdUfmS1HAUP98RrWsxw8EN7Fppm,13.125,12.5,0.0,0.625,0,0
16iha6yAGhskBDcZ5dEpJYBevwWJjTbGRUkeUjqbYzhiHcch,39.375,37.5,0.0,1.875,0,0
15fRniLRn6R3zw3AwhQ7Trq5D1wgw5ShipbQmFhXxz1s7biu,13.125,12.5,0.0,0.625,0,0
16AG8DK7hwkTCqXnygLcFur16jJFG4SRUbiFwXheyhd7Ztan,12.5,12.5,0.0,0,0,0
16dKvQ648grcPST6tWai8yt1r2HpdrhL1xcGWC6oJ4rN62C,25.0,25.0,0.0,0,0,0
15zArxAvuPx8JJoCART7z9YGcy2Qdtt8W5euazXHWnSQjprc,62.5,62.5,0.0,0,0,0
1dzdGv5ogtQHNTy4WL4z7jAczi6o5W4H1HLGTqms5CbEFY5,67.5,65.0,2.5,0,0,0
1TeBJ3NdNALcG9uejwjgs5kA4iXwCneD8ASjQkduWFf4A4x,52.5,50.0,0.0,2.5,0,0
16wE7cuNgfG162o9VymFnpC9kKkAkFggvdKafntghPUu8SX,112.5,112.5,0.0,0,0,0
14UxyGEL6SPtUUhpivu6vYSoErqTD65em4jqmnvrRBe7nfQb,25.462500000000002,24.250000000000004,0.0,1.2125000000000001,0,0
12BSf3Jcsekz3hd34bzn7maEPDib3DtLphNkd8vsz88T6py4,50.0,50.0,0.0,0,0,0
16UrjpS5gKF5CG6EBbXdXby2JXToQ2LtYHX45dSoxcASLJxe,125.0,125.0,0.0,0,0,0
14Bqc9JQSdJbhmzBQNz8ipaDUu4ubbKPLpmnqPXswLugsEXw,12.5,12.5,0.0,0,0,0
121RAkexFgYv7pWpmRc2D5cjJocyvdoXPhQi2YNoLMwyqpgo,12.5,12.5,0.0,0,0,0
15VABvTtfW89PNwSevVG37XbSS4RFp62rwn44wp5XqSLcp12,112.5,112.5,0.0,0,0,0
14Q3Nsaam9ttmBv9RW63FbxWeqLHxXMH9YkbxXi8uuGizJa7,262.5,250.0,0.0,12.5,0,0
14zNDyQ4Qo2T6gm5sa3w3PrimUDGfB58kKAjpX92j8UhMABv,25.0,12.5,0.0,12.5,0,0
12dTMERjQ3Xq8tCwVViNkcZ1TuVAZahoDcyjYqNKR6u7xqSR,12.5,12.5,0.0,0,0,0
14mEiVYCVBm8EdHFTaBj3Zpx4kdCuoziJtC6wLw7T52X9svZ,12.5,12.5,0.0,0,0,0
14bLQ7GKer9T5ZhkcfH2pKtDsXRQiUgm6dZccgBo7RkfWR8n,13.125,12.5,0.0,0.625,0,0
1xapNPKuv6shtSHJV371ycCr8K6v7U5RNjN24mvZZZ71H3t,37.5,37.5,0.0,0,0,0
13jVQBBre7fx6GdVWizwdeM6cdgjiou8urWY6zyybCh1tSD2,250.0,250.0,0.0,0,0,0
135dfNf9qga9QujeSLwzTc3dE4Z4AyV5Sb76gQAVGLVSjc3s,75.0,75.0,0.0,0,0,0
14iJ2enHA8a4i4JZ8LXCTgTP6b8X1sZqaBpeWYs5FDuCEPdn,75.0,75.0,0.0,0,0,0
13WPmBzUGW7g2D4YddTZ3bKMwKK2xjBHTVzyeFQBq7jr3tWP,289.375,250.0,0.0,24.375,15.0,0
13Ye5k6S58gTtwKpQeu3HrKSBSa5C28CuWZcyRdPQukdwaBR,289.375,250.0,0.0,24.375,15.0,0
14dynzsYTfV2gKtCk5vyHe6d5nmmWAExy4o6uUXyJrKKkFfb,2875.0,2750.0,0.0,125.0,0,0
1WvKjbd6ghKbHW8B41AaHCfCjefqMv3m8FcgFeJspuHrCso,25.0,25.0,0.0,0,0,0
12HTnE53HZ8QotfWNtJdHv4rZzcSH21o3XvNDCD4GKi4J3ZC,20.0,20.0,0.0,0,0,0
14VeewVCUrFJ14yaZUFLHUmmFBPxq1coviUeV6UgjbaYeNiF,120.0,120.0,0.0,0,0,0
15cuWQqqer9bf7fctyVE2ypSm53SAKsF9gQN55HnCvV9EfSu,62.5,62.5,0.0,0,0,0
14KL8RXW8nhopLAW8e7bSfdnTyGuUFKtwHMGPGY9AxgJp63U,26.25,25.0,0.0,1.25,0,0
15zgqk7eELhSA5SUXZrGSZpmfxvFSC4DQm141mwJZ8f62DGm,12.5,12.5,0.0,0,0,0
13EUKDDcxUVVwxi4mTSMUxqmGFCvpttDtjzR9c9Cb4hE9mm7,750.0,750.0,0.0,0,0,0
14djxSnMT6A6k6T6HRxTV1CDwn5yENTiBtxNqQ8HNBUrz9Yo,75.0,75.0,0.0,0,0,0
165XZXkuDUbS6kH4xPi98SCcimZazynpAr31CnmRRDDYVrCZ,17.25,17.25,0.0,0,0,0
15GHmhJEmo218215bKmmUUWd9Mky6dM9X23dv9n6hrpcH3rq,59.225,47.5,6.5,2.375,2.85,0
14dAW5EV4Tfz9KUni95SV9vHHnyCqVkFRNNjGU462qMvE5C5,12.5,12.5,0.0,0,0,0
133b4UxxmRcxuZCxXSCqxH1D5SP56UZq9uhZxPaRszrCSxy3,20.0,20.0,0.0,0,0,0
16PwWVv7PQ68tpSoAz9zVFZs8UuRzqcJwG8upWRuYxrf2xfN,33.050000000000004,33.050000000000004,0.0,0,0,0
14z7UmrZ6WknpB7YvLiUNKCn5RGQVs7K9YmccJMYZ4EepK1b,12.5,12.5,0.0,0,0,0
165yiRuL1NXMr5mwg4xZJ8o43mEWqXxSjaJHhknRWCYEa36y,35.0,35.0,0.0,0,0,0
121xpprq46TYeSw1FmM4QKiNKvvwfnuoEDVRC8vntd9ExfSK,12.5,12.5,0.0,0,0,0
12MiwtWiM9JgYog4C63axfKxTkBVSQUm8hrkMPyL3tWoqCmu,13.125,12.5,0.0,0.625,0,0
15fM9aXEPpM1jvdupSQ3C2dEjSbbNd3b4xPqyABFJA3u7iEQ,13.125,12.5,0.0,0.625,0,0
16S7Yq3u9WADSnHsfSqMrQdq3i9HVi2pxfDisZWZoBwvX1f6,12.5,12.5,0.0,0,0,0
14rQ3gnFkQvT8xQ7XriZ3h9LHB28epm2awwrxiQfi2eoCHVi,12.5,12.5,0.0,0,0,0
13rDoH8Z3Bm17U5ZrTyPuToFsW29XtnpCtCmDcPQbAmvUNiM,721.875,687.5,0.0,34.375,0,0
1seo8pcssTwsXUaSFQwhvhyp9Wia82q5E15GAid2EtDqjMa,100.0,100.0,0.0,0,0,0
12GtCC3gsXQcZBvkAQmP2vG2Z76Wirg9AS65U1HtqsjvoDY7,13.125,12.5,0.0,0.625,0,0
13VywdF1gkx2tHvAUkYBjEeScPHFmMh4tSZ2EJjGEN48Ffgt,50.0,50.0,0.0,0,0,0
1ZJsWqHHGfymvuP1u98LNBrsrBkRwYEfJxWAq77jST2LQ5h,103.125,87.5,15.0,0.625,0,0
16cn4zZTuC56NQjr3tLeAEbrKhfdTT35yPtg7bF4FPvAqjwz,78.75,75.0,0.0,3.75,0,0
12E7LsJkCsuSrSJxXsRY23w694knPzXG3VfQ1PesBZ5Nd9DZ,13.125,12.5,0.0,0.625,0,0
1F1FbQoskV46cHdegoCJ23nakDuTyLayvtGVKBBbcX8vbw2,132.5,125.0,0.0,0,7.5,0
13BvCpvCzz3JqFRMvGTyNkVU7mHskoxDg26DWaLz9vC9CFg5,325.0,325.0,0.0,0,0,0
13YThFoQmv2Pb94pUgqsM8yg1FxyUEL57jvwwDEzWryM5ncs,13.125,12.5,0.0,0.625,0,0
16Sdahg6Gw8pmKZRJbPixFrJBZyLYk5aDcYBctYDxaeqqkmc,12.5,12.5,0.0,0,0,0
139SEtvswreWrQ4dxvfhJQcMGaduy2gxDvHQammrDMasn69S,12.5,12.5,0.0,0,0,0
12gZo9GFH1oQZNyPMrCYFxt8pHLTWzbAhZBRb1Fm4wsFd5e6,78.75,75.0,0.0,3.75,0,0
1cQF7e3D9FgAjdaajznkrbDwCNzfRxBS9Xkmukyrj2rd1UX,162.5,162.5,0.0,0,0,0
13Kw81L4TAUvhi7RFbkBsuRe5RPGdVrYTy58srasa6PRoarn,125.0,125.0,0.0,0,0,0
165XtM34nW15HtSd41Zc3JcuNNF95ymLZkyZAjiFocFx7RZ5,31.875,27.5,3.0,1.375,0,0
1126QpMdpaTsYSSRvGB6ugZjrcs979De26BGDHNZc7QUQmvE,12.5,12.5,0.0,0,0,0
13GufhEDcfqq2HLEX8a7w2yVTSfA73LvzgwCWwYam5foLf5E,75.0,75.0,0.0,0,0,0
1jC7SP3nuutrkB7AMhTYJAox7J2u77wzNmcM8fRP3JsS3zu,36.5,32.5,4.0,0,0,0
14K2XtYhTi78D7uM2wBorPPPqoYKwmctbGpGHw2R35cM1Gab,13.125,12.5,0.0,0.625,0,0
15JrisXAN1jYzTET5U8Uek9ySj7gAJJbNYtZS29CPqPhgGbz,50.0,50.0,0.0,0,0,0
1NNLkj6yFiUofZ7h7XV1L8eRareCV9tFkHNf3XDBDU86wVn,12.5,12.5,0.0,0,0,0
12CHpPbYv7toYqCCKzXYAyipjqAgnDBscwpL8JKFjwHvbDSo,55.0,55.0,0.0,0,0,0
14d9dATc2Cab4i5CczgmBJ6tpRhHMmg4y9TiQoe4Mg7418dV,53.0,50.0,0.0,0,3.0,0
125xSQ7VtJU4pxePuYRJ2yAAPzqE4FTJeBLNJii8bFxiLTzP,53.0,50.0,0.0,0,3.0,0
14BPcba86JaeSm6SSWynUYyh6uXNk6DFhJPuhSGmt7yKP8YA,12.5,12.5,0.0,0,0,0
15Xg9L2Q1727WZQQ3HFPvWLr2TLuErrAb3GYryyiXjSKGbCz,39.375,37.5,0.0,1.875,0,0
16HsP9V3D2WQsKdaeyBBLmvSRXLsH5So62vnXoJumqGj5j8U,12.5,12.5,0.0,0,0,0
14Giedddi1P1BqkJTjHBaMcn9pHBKMNDnU9oancHtFwP6QoP,126.0,120.0,0.0,6.0,0,0
133XmcRSPAQGoLAorkXM6vdbGryYh52CSnThYoWE1JtpNDvP,52.5,50.0,0.0,2.5,0,0
13Vjz7sdDon7do24d5bycKBiiSpLvaQ3Dwn2XQmEByjHcPxb,125.0,125.0,0.0,0,0,0
16aQ2tcEPZ1mPWK4cEEwweCPo8EzZ59r11pLMAgWQaVQ4o39,12.5,12.5,0.0,0,0,0
16Y77CESFuRg7io94awPW5wwZZgYYXtbrWNEymktg2nMmh4h,105.0,100.0,0.0,5.0,0,0
124JbHoipKzRCHYcqj3fXsx1sskZzED1bWNZhHXXApnWyruX,35.0,35.0,0.0,0,0,0
16fTp6h5jwY1p6YUmXD669YYQpFkV5vqmsuCm7wLR88DQh3k,55.0,55.0,0.0,0,0,0
1cFyUkmbLgnxBGksKSWjmjp4Gt4swhJUSGdJER6BvaVt6wC,12.5,12.5,0.0,0,0,0
12Npz39qPfXvurC6pZ5MBHgbBHW1U3wabjf3maP3FCptwSa4,25.0,25.0,0.0,0,0,0
14zvgCbqfe2L36zkuJSGa958jDwWcwagsVRj63XFXVQUV5Qo,500.0,500.0,0.0,0,0,0
1Ne6HjUasw8rtgLGyPEdENXt7ywuLq4ZirJVGofftCbcbcG,13.875,12.5,0.0,0.625,0.75,0
15yi1866a5PFNri62XcgwFNMHNFnSpgXcaCvcb8GojZWsJMi,26.25,25.0,0.0,1.25,0,0
14T6iVwKpAnWhUna7cdQtLbYpWAbuotiXMrSHXx1viczS2tC,52.5,50.0,0.0,2.5,0,0
14QJFv2bmoNyVU1WyLar7zdc7qDQRdu7EcwH1LYAkgr4dYrK,12.5,12.5,0.0,0,0,0
1xe4X5j2fQRJGhHDGfqnkZ8ErQ1QfNEBMgysPPnN7ampWPo,26.5,25.0,0.0,0,1.5,0
15iLWC7Gqt2z5a9Vq2hjaw3VXkarkY5gAVdAkknV1khVhLck,12.5,12.5,0.0,0,0,0
141KirjqmnJAW4dk1npmsCbWvRrkV9jun5CMWeLhvWLoDp9G,37.5,37.5,0.0,0,0,0
13pjDGaYR3xMKFf5ewpbU3ZH6SC45BBTSZs5tpazZg76EQQr,13.25,12.5,0.0,0,0.75,0
15rdFFY5fGnCh4hg545sqrAaqC9VwEdGgGLgSbmn8n8vr6bL,25.0,25.0,0.0,0,0,0
1evETfqRy1hMnnWUuB14Z2JvNJzegSsog37i8WytNuTgAJU,13.875,12.5,0.0,0.625,0.75,0
16euT255eefpg2zTTXG263ZUkuviJqfeiA4GwqkWGdfz6Ynj,746.25,746.25,0.0,0,0,0
16fqnHd26A5iae9UF4RaXNr9csMLg2mUSDeE7tJdQFPBX9GK,50.0,50.0,0.0,0,0,0
162Sc8zwaHo6BQooLwYdRVyhkR7QFMLNbmKmyqeKB8tnsN7c,12.5,12.5,0.0,0,0,0
14u6DTaBv5sqCmU1D9jrPt8aJZzYgspRMdegYtTkTUw9JT6V,26.25,25.0,0.0,1.25,0,0
1eCCxyJksLQKWMru3znB1JrVV5T4kULZQVZovPfaM7aQfFM,12.5,12.5,0.0,0,0,0
14zub8Q71Xd8vrYS5RuyUaN4SW83VRGFumECr2jDpDtc5hv8,100.0,100.0,0.0,0,0,0
15vtpZX989asQDn1HKWcf5uTHJvNY57YaNfJRJtr6zmsS2YM,83.25,75.0,0.0,3.75,4.5,0
14BNkX1QSJ6ckXJsDzUt1kYad1572RMenvagELPAJFirZG1q,13.25,12.5,0.0,0,0.75,0
1nhppkGPL7dMwfkWGnQBBf45XAzRWU5ifRqpLbRFdYRBrsv,485.625,462.5,0.0,23.125,0,0
14zkZzaht7mEdDYftDKQGrND7nHZvxxpZuZn2MWu1XoaCGff,446.875,382.5,51.5,12.875,0,0
12Z4aKDz48wbyD77fr94EY6V7FGLNphSknZ15SBNYTj9MTE1,12.5,12.5,0.0,0,0,0
12efDynTGUuBbMZSa2XQ1joWjQXVESoeQbA4pBk8fuJstaqZ,27.5,27.5,0.0,0,0,0
13x6Dvbzwb8pPEnGqvamdNayD3pKvSDRUUm4SSBS4KRLDo7v,25.0,25.0,0.0,0,0,0
12jewJsAsQkzGmhYhC1QipaPV5JpbpR6rgLqh5sfbAA4jSWw,12.5,12.5,0.0,0,0,0
13E4wDuQjX9nDzH2CMoJDmzLTSCJTF2n1n5Qt2KiL34Z7SQL,15.75,15.0,0.0,0.75,0,0
148n68uDPQcBXnUYuN5AyzjSgMuQDG1uxgCHN1NoT7Ahy8RX,112.5,112.5,0.0,0,0,0
131YvTRxKYfzAPVgjNGhVdVstnzBt8ERQZDY3Befhzrfkerr,25.0,25.0,0.0,0,0,0
15dQm4nGceQC8PwNvsmJhSSLd1ZsZeMkmTDwgAbtpQY5aRaL,26.5125,25.25,0.0,1.2625,0,0
13frYDqWo18JwpiCuVzoivPWbpsxBW3uFk1Zvp832YxwbvB4,150.0,150.0,0.0,0,0,0
13wxftFQomLcfgZUpQANW5VZVw7VUvAakmJwz6ez3kWKy1QT,25.0,25.0,0.0,0,0,0
13Mk5UmPfRFqD2aoGay4juDbHnqBNm2pmTLtH5AMtveEB5AZ,26.25,25.0,0.0,1.25,0,0
15V9nnqu6zAgPPtVe4tzScreCu5gwn5nvLe7QgEeWuT5jhEH,13.125,12.5,0.0,0.625,0,0
1sXYMSa5cef4fPYnSgLjGdNhFGHGycWS7WPq8EkVasm7pF2,175.0,175.0,0.0,0,0,0
12Z8vWgQZSDhVXdvoUxpbdfcr9KDH2W3sypL42m9neJoDpYu,62.5,62.5,0.0,0,0,0
1boV1EGnT1GjgzKRuHPaUx3H2coXugbmk4jHuWBTfgBnDV4,13.125,12.5,0.0,0.625,0,0
13mJosCvGo5GgaEqmDexeQAzSAzuyQBuceTHoY4AdNfmZRvz,13.125,12.5,0.0,0.625,0,0
1W6P3PW7szXaXY6d35FNUeTcJ49knTR2LJX82ViGrAgfNwB,194.2125,180.5,6.25,7.4625,0,0
13j4qq5G3eZQW4M2FZwzJKCfbuWCFoUQyGUu77UczM363xJX,13.125,12.5,0.0,0.625,0,0
14ru3ZcNKY5ztR1nPPZjViJqu5RGwHN46mhW8M4GH7asNzs5,12.5,12.5,0.0,0,0,0
13mhPXCuMFVpn4fWemfjtLVSFhBGpEb9JLPNMWd1DmvaiitF,124.875,112.5,0.0,5.625,6.75,0
143ciTszupPsEY1yXPdpptfAX9Bda9fd92rmXsNJsyKd6pms,18.125,12.5,0.0,5.625,0,0
12x7XftCdBk5it5VmS4hu7q5QuEkX3SonUF6NSmW4jgbHMca,13.125,12.5,0.0,0.625,0,0
12KrcF3e9uefG9U515Jnt3WbwHRvNFjsKbuRTJu4wWSiWrT2,13.125,12.5,0.0,0.625,0,0
14JYWX3QfMCgmb13rCSXyqu6gHhT8F99VHsFJjao7bW1dUc2,26.875,25.0,0.0,1.875,0,0
1bjkPJ3YsGaZWoZBL7BhmmcpYiNWhGcx1nKCMLwaKR6iJEZ,12.5,12.5,0.0,0,0,0
16DRddQHmnScfnuFN7AZciQKa8rypCoyWkaMVcs4P79cphA2,57.5,50.0,7.5,0,0,0
16MbsPsxB65Mac8Gk4v9bnhQ8QYjxXmmu1g1mGapPXaerAip,65.625,62.5,0.0,3.125,0,0
15QK3yXmb3qp4p5rBCfqZxPgqqH7bDPLXSGTAS6fXumrCG2D,33.3,30.0,0.0,1.5,1.7999999999999998,0
112DE5WvrTDLVvW7zUBDkiUqZ94Wv2Mi4Te7ZpTFMaDH5M9j,31.5,30.0,0.0,1.5,0,0
1xiUchjPhY87hZp8JRz46pmySZuzZhjNKhFAkshJPcfnAmS,13125.0,13125.0,0.0,0,0,0
15a5VdS8yEovPALY8ZKJxo6f6dFEcuNmfYnyThC5gwDQPhM9,26.25,25.0,0.0,1.25,0,0
1YrmQxqb15EU8fgnB5kTBeFSHfdMJHbqytU2z8RReCsMUyC,50.0,50.0,0.0,0,0,0
16ALkzTE2vbHEvEwNHvLLGUaK99oMsNaUWKuewV7Jkofp9oP,12.5,12.5,0.0,0,0,0
14dNJRHDzRuJ87APVS5Jyy5WwvvVSf92GDGRdQ3upxXUCrJn,26.25,25.0,0.0,1.25,0,0
15pDJwao7ZPQwup4ZZ8hkKjWGfgM3kRRLgUEdr5CLygiAMMJ,250.0,250.0,0.0,0,0,0
16D2nra3qUsBC9QhDHMd1VMUsgojfsUB7p33tz5sEfjH9VDd,25.0,25.0,0.0,0,0,0
12MqyaYxFY1sF1gGsBF51aX3jMKyuw9vgUQBnnbjdPxtrTNa,170.625,162.5,0.0,8.125,0,0
14d1LxVTV6RUwV3UnCTmBHAL3PRTZcztxPUZkBRawKBGd4Ng,25.0,25.0,0.0,0,0,0
16SfNdPEmaPK4a14HqyyY7Qz8zQCFgt7D6CKJGC8FxGR7tZY,218.125,200.0,0.0,18.125,0,0
124A3ecjuDNbwq8DtJ1n5zb32wn91zqiJSvMXLaFC8kUKaa5,27.75,25.0,0.0,1.25,1.5,0
13JqusVtjZE2eKf8SHMyzrPw4PYUNbMMQK8TYnVKaGFL65Ro,13.125,12.5,0.0,0.625,0,0
16FfkYmAyt7ZtKLxLRJMvkXDxh6wQhXT2UzcxWX8tjE29Fg4,21.0,20.0,0.0,1.0,0,0
15kd5fQ7fheMCpwniAu32Qpyt5ETxfmHdGzrckHDxCVWnGZ6,25.0,25.0,0.0,0,0,0
13unmTWYxbyxM5CeX7896uqydNbDZ3LU3L3RtfacvsJEZqD9,78.75,75.0,0.0,3.75,0,0
14Avf8p4PP5U9VatHiC4PfMdiL5pSnUmQA63CStTLZdyVZsr,250.0,250.0,0.0,0,0,0
13zDmf6px8cdPKaRusQZYLtmBiGFE5YrtehLXnujVpCw4dYv,52.5,50.0,0.0,2.5,0,0
1WGysDMCDjghwoYxxjQGkrnmm5JGpeZX3iDPLH6HNRTYQ4i,15.0,15.0,0.0,0,0,0
16Cm5suYtuoNHXrfCJMYHdygvjWTFvk1Q2j5L9M4rNp82Mdx,69.375,62.5,0.0,3.125,3.75,0
16Y65nHcT8DTKuwgeJ82toFbpBv2Dw7qiNnjJEC3UvYU4HaW,12.5,12.5,0.0,0,0,0
15ofJavP3xWN8bxDxcKTvWfRUdXbpvfgN8eFuRkbKQySNXxL,752.5,752.5,0.0,0,0,0
16hhABFwDdqiZzYx4VLjPqAZ4JEYZCGyoQ3DowxtQTe6xgmo,32.5,32.5,0.0,0,0,0
15BPL3S1UkgjFa3FCbw6XjYr9Z9HfPFFf1c4EWvuGU6QETgY,39.375,37.5,0.0,1.875,0,0
14Ash1PixuDLCMCCTvn3s5uSxg6PrY4R6vPq3PKwU4ruqFuf,12.5,12.5,0.0,0,0,0
1RKXDUEFuEQ9yqC2BSdSXNSn14kuhCQ5gaAav9fpvddm1i1,83.25,75.0,0.0,3.75,4.5,0
1noCitbmNqUHNbguREhEKCjFAPJbKA9GxR4A68xYyprZh6S,41.75,41.75,0.0,0,0,0
143YB3siGSxkLQfTRc8gTys3b6p6f39qQtfhiRvuUP7a2emJ,12.5,12.5,0.0,0,0,0
1vRDtp2VodExhN999WKW2o167zLQ7bV1XVyYT6BR8PvbuBC,12.5,12.5,0.0,0,0,0
129MhGbzExufWTDAAvfERApUBZbYhWPKG9vY6s4kyWkGxuHj,35.0,35.0,0.0,0,0,0
1ZesKcJYJyviWWSeRG9fHKsmSuKvsPvebpHiXMg49mMpXwH,62.5,62.5,0.0,0,0,0
12mxu8J62xPMXj7jKZrfRKUyyTn8Q5qG8oHgYf4FH9P5XKqX,12.5,12.5,0.0,0,0,0
1CUP34dM2GhGas7L6jJtAz14aw8vD5KeLzgvuHWJEYpUnV8,14.375,12.5,0.0,1.875,0,0
14pZfyYvZissZbz6Ln3cu5uib4mPeQzZiW2MfHWPCmBWrkkj,130.0,125.0,5.0,0,0,0
15g4x7bnkRzYeoxbDz3CHJWhy1GkE3BDszjSY49571FppsTu,22.5,22.5,0.0,0,0,0
1EJ6NuWjQJNiwHTfRyUP8ivx9s29n1S1crbzWkPG4p8QFcH,26.25,25.0,0.0,1.25,0,0
16PLkteLEMVodViqH8yZtTBgnU7x2Fao9UeZfUNaddmzkcWd,20.0,20.0,0.0,0,0,0
1gSTck91WT6ydSLkKDZXfJUffvvTf3xhMjcFzKctzJRM2pf,25.0,25.0,0.0,0,0,0
15K71FcrD7Jv66JUFQ3N88kgYUtB2gV9XtH2caPrx7yNRsyk,21.0,20.0,0.0,1.0,0,0
15hxuj3HvmCcJYQg4tfgwhXJu4NDbUWNJQntNTiJzHuLdyV2,147.5,147.5,0.0,0,0,0
15b8rnqQ6ao8XuduNNCKKgzL1PdGVtpSvyAAo5tzmonfLDzp,125.0,125.0,0.0,0,0,0
1eSjPod7KnTmmiXZgS9YSsm9RBTtd5LQadq4jpG8oKieHGH,2500.0,2500.0,0.0,0,0,0
12HXm57g7tSVQ5a8PctMxMSu9z1Z9eFGDAKBKXS2CB7bTyjg,13.125,12.5,0.0,0.625,0,0
13m6NGRNd27gNoawLJt9M3asxkDgXq6NZnqezGAx8CZgRseE,12.5,12.5,0.0,0,0,0
14jFer2n99HRqj2x9hMiYwc6TtXv1VdAaFNvzzp7sr7TMSCE,12.5,12.5,0.0,0,0,0
13aySn8Z21v4gBREQhJDbTqsB158ojhRhRdpEPYRDHskeZVo,13.875,12.5,0.0,0.625,0.75,0
15UxjPHMzr5KYUj4XtbCRMiYGBv3Xn4jmfGyVWMVe3nw2X9P,25.0,25.0,0.0,0,0,0
12pNP54ztR7vYR1ZGNoVz8EJAHgC6SyTN9QkYPURvQxDNkHW,50.0,50.0,0.0,0,0,0
15zUbdZ5etAhYv78HLseyqqbPmKgXCUh8iEGd5T8ih8iV4sE,25.0,25.0,0.0,0,0,0
16cRo9tpzcCrzarLWb5WLFRtaXPkyRbV73ihDdYBcK66Lekp,157.5,150.0,0.0,7.5,0,0
1NYMc2zV3UzdKaMAEVUHurqiQatDCMAFCchySU95VdnUsiz,12.5,12.5,0.0,0,0,0
14abCd7T2n7ti1abEkNgW41FwCatwEYVKJgAwxBqF5BLJne3,32.5,32.5,0.0,0,0,0
12LHzLBVbGZThRBESyM71vq6hpQqw9kvb8dUPowVAyqj45P7,27.5,27.5,0.0,0,0,0
16aixp9jt7m1MhUiMcGQr4bA7KubELUcUT3F4WFUXbxigC3P,13.125,12.5,0.0,0.625,0,0
1stpAq5xbRViEcLeWv8zRcMDr1qNR4RrjPxuwPXJT4ZFEC2,12.5,12.5,0.0,0,0,0
16Uq2bLM9FcydEf8qfKeNd36esLjgfbnVDWcjQvvN3QMmEkz,37.5,37.5,0.0,0,0,0
12giRMBHoWqzLpEW4eNvPxarJYhcdUaeQ1UyWXS6HdK6sg8z,20.0,20.0,0.0,0,0,0
15VLbCKpFoe2gH6NKvraN9P9faYjf7Xoej7ekFKjuMLWNpNP,25.0,25.0,0.0,0,0,0
15ybaCvJDenXeNyzpTMHchoL3NeT2HLH9gHRZ8Yv335V8fjj,35.0,35.0,0.0,0,0,0
14ajTQdrtCA8wZmC4PgD8Y1B2Gy8L4Z3oi2fodxq9FehcFrM,262.5,250.0,0.0,12.5,0,0
12YuAYLRJi4cYoy6pmAxjXtErsZGee4C5qxnbTczozy5rwZw,225.0,200.0,25.0,0,0,0
15tYkfAnFMkGJZXbbUoouNiPR3bXsK6svACoMn5nwsNMveCJ,39.375,37.5,0.0,1.875,0,0
14VjESMJetndxSXGVyyh5sad55humQ2W3zi786cLcV7FmiUC,26.25,25.0,0.0,1.25,0,0
15VTtFXH1vJ8edkoS41ijvDSmZfMbF3nn99Dt3hGgDFjLi7G,13.125,12.5,0.0,0.625,0,0
14DKyvx2yjpURMTZ4v6ys5AayknRxwuuv9Ece6jTaCdWgED1,12.5,12.5,0.0,0,0,0
13C3KNkimah34sNTdwCG3PPxYJ8vWpTBQ8Cp657cDKhEgaay,110.25,105.0,0.0,5.25,0,0
1FHwWN2Adis7N1NhKvk9QA5f1LFiG3h6RDoKZgk6SNw8Q71,52.5,50.0,0.0,2.5,0,0
12VkUxswwZKWKFs9pqaS3mEcNF7ennbF62ErdEWTmTbeimKR,12.5,12.5,0.0,0,0,0
129k2RiQPFvdsqBZsrqHKCgbs16jio71B6k8MSW2fVhEV44p,28.75,25.0,0.0,3.75,0,0
14wDEEnVKZDXVXq2arAmkf1QmnTcwN4fzNJRFoM77YvFxa8T,12.5,12.5,0.0,0,0,0
15PNyQgoqx3RQy6Kx2yUu32L61nnpwaeyPEYny4Pih975f2g,13.125,12.5,0.0,0.625,0,0
14Bnn6ZA7raEdJHff6jVtb5EfEZCJ8FE8bxLcj1N2eCdzH16,15.0,15.0,0.0,0,0,0
13ofRiYaRNUESV29dZ6DLNNeaRdPhsh1JbNjS9JqpJ3rBCbZ,62.5,62.5,0.0,0,0,0
16AbNYToMBWXwknpCqc3PwuFX7yE87WZSRjrh6HyKNJyBedm,25.0,25.0,0.0,0,0,0
15ywsHYGGk4eKkg3jtazMcj2TsE3jXnfqpMD7ECv8VbFAKsa,262.5,250.0,0.0,12.5,0,0
13W3XbF8wePuTWMYfn7xspiMMm6gzRiEJwoGUE6CEAQibQ44,1250.0,1250.0,0.0,0,0,0
13GNwMn2mPL6gotbq7zAtQHDnAE7gJkXgBwEkcXHdmz7qBPP,105.0,100.0,0.0,5.0,0,0
12jqRrQNxB8g4bwtyWN4VacxuUMWVBbuwbh5XYqALwRwvw3F,31.25,25.0,0.0,6.25,0,0
15uGw5uBtjcgHN8ZLmYcsKRkAVjsiimfuwPYsxpaGqUyT9Cm,182.5,182.5,0.0,0,0,0
1FPCefWyMRSqVLhSWfV7ySTkefSCRdU3VXC1qrZdpUCNPFF,12.5,12.5,0.0,0,0,0
1q2uMs1a62JFzYN5p4SEuun6vJzJWeykS6DVwc41x6VWtjc,12.5,12.5,0.0,0,0,0
13YG3g8PqErHn3o7NMXB1W8FL69tzWab7EokNFqEvGPLuNfK,52.5,50.0,0.0,2.5,0,0
12NpKTuGZyRQWwgaJysh3EcxDgQ2tghuifroF582gTre4TrJ,26.5,25.0,0.0,0,1.5,0
15Y6HrjX9FFVXmTPFvMjvyjbyPJVgc3uajd5DmyxcKqae9C1,325.0,325.0,0.0,0,0,0
123hkjcvEvNgmXSD1Vhef65Wa8oZvZds99Tjwer2bsGJFvHM,120.0,120.0,0.0,0,0,0
1NW6MJ4Go9scL3GFG257VHjgPyjX2U5srbKhZ1UsKjrQJsc,12.5,12.5,0.0,0,0,0
167bmQQtcoNGr8KkbJUga5BrUpjXX84PcL65NKiKSdDpBDjo,85.0,85.0,0.0,0,0,0
16PAwTPu9SYKRQ2fiGjgkY1hjJnp2EC1XfZmiSuzhWBrgojn,25.0,25.0,0.0,0,0,0
12DzbvvbFySuhHXwcn1TRxq5SKaUc63uHwLkqq9H53uGc4Nx,131.25,125.0,0.0,6.25,0,0
15KF1vZK7nFXA7xX3iuzy1ZCDQF8ZgFqnYYoeYXpYtToGJHp,525.0,500.0,0.0,25.0,0,0
1CXAXukNJ24LdtCo1JWqBgcBQjAYTK49LtXdFn7G6rLVWbg,12.5,12.5,0.0,0,0,0
165KCLpQJoCRL2Wabadd5ckPyCr128ZNDzpZzTgkGE7Avsqg,131.25,125.0,0.0,6.25,0,0
15fz5kYnksMmaiS9hd8kTx3jyP9woMWcDNzLRTiKCtXpGvTi,100.0,100.0,0.0,0,0,0
15ViWFsCAYVkQhNMXhLZix1MhseLxWPYmdyUo64ARFLvbfQV,52.5,50.0,0.0,2.5,0,0
14cxwJakgwEuJcce1Jo49EZ7BfR1nWmH4MKJiRUhrDVvNs27,12.5,12.5,0.0,0,0,0
1Yj4pWxDn3euU39LjwMHnSjqMRgH2tPoz33aCpVQ16J5nqe,393.75,375.0,0.0,18.75,0,0
13m1PwcCyF3vqSE6YYccAoihtLYZJkrHE65PWEF1hN8bhPCL,12.5,12.5,0.0,0,0,0
126PvMw34oFYv5miwXQ3JXVP5eav8T1hkkYsiHijExJ4JorP,874.5,750.0,79.5,0,45.0,0
162UxZJjLYT9zDL1hNi66fJ7vj4ZTvterjQd5e3EVERCZMN4,60.0,60.0,0.0,0,0,0
16FT5kS2aQ5JSH9vVMY9PghtdKVQEvE9bBJxgbe7cZHWmcE,12.5,12.5,0.0,0,0,0
14DNp3hUGXQgWjpngsFi363ufLyKeLGaDznoCLrRVDNHDeBr,25.0,25.0,0.0,0,0,0
123yZK7vN6fs93BwSuH2nxPbin6cEdXoHYCFyXwjywoEzVxP,13.125,12.5,0.0,0.625,0,0
12gSXZeHydFxAKUseYweQsa69KdxMxxx8kvCUCZEG8ABu4i1,50.0,50.0,0.0,0,0,0
12dUTC49ANc1LMMbwm7tTXP1ALT8dJq6KJvnLsY4zin8fQF1,25.0,25.0,0.0,0,0,0
15vxBfMpVcK5g5szLtEC69MmT92un1ZMRHGdptAg9yEJjmvK,13.25,12.5,0.0,0,0.75,0
16Ucz3N9r1d8KZADn1uovNozShBLU8ZaAa2dG2SKFAJveV82,13.25,12.5,0.0,0,0.75,0
12pezSnBYeiTiMxg1QCcgxpXXGtchLHmBpcG77kyR6t8rp3y,50.0,50.0,0.0,0,0,0
136h8HuTFzLbddV8otpeY5eQCYZFd66T3mAibNvykKC6JjWf,130.0,130.0,0.0,0,0,0
16P8gHg1a45pHkGwLPKh7F2bAwyFrYZi8MSHkvv7UD76arsH,52.5,50.0,0.0,2.5,0,0
12mfP52BU1FsWbvnticBymw1BWeVSWRpKEfzvjxE2ywUfDMZ,13.25,12.5,0.0,0,0.75,0
16LhMjxrXW2vYDR1swGu256f5ydGBoUphTiKGvdgusjPbqhM,13.25,12.5,0.0,0,0.75,0
16RtDCNCMVC2ZDrhNdZqaQhJSExRoNmii8vDALj7eA2GQHoT,25.0,25.0,0.0,0,0,0
16SL5XxhdHMFeBNA6oQmDc1i2btQE1swKfJmRztvPZxcY1zg,26.25,25.0,0.0,1.25,0,0
13YXt9D4LyCim5EB1wLmq5sjbRHaEXpeSWTrJEJJcDiePp7w,13.125,12.5,0.0,0.625,0,0
148LkCmqjReKWFxwWcWkQev91oAFTNA6mdsN9HHfxDgG9Hdv,13.125,12.5,0.0,0.625,0,0
14ir6JhCLquakPVMSCPqgCHCVTk2G2VNpu1QHxTcLtU4HiiB,25.0,25.0,0.0,0,0,0
12ucmZzTKxPYBDNgpzkabtP7wtBcRNU4jaD4uCpbVRMeZVWw,26.25,25.0,0.0,1.25,0,0
14qvnscbagC1V6kjv7ZFgrZJZtVAHg5gju2HTA2Xt1yJf1pS,25.0,25.0,0.0,0,0,0
15G1b3M9LBo2NrPcTLrZzihFBiMM45uN5W8zEciBGYCSEM2Q,26.25,25.0,0.0,1.25,0,0
124P7XnRHaxU44CD7M7v2zMMGh9dxsmetZf6LQGPckHtBpRx,192.5,192.5,0.0,0,0,0
13YMK2ebCdad8E87WTgv3ZX25yUmVy4wcUDnBN18x9wMVD3H,12.5,12.5,0.0,0,0,0
12bcFNfxnyVsQGES3Wn7Wrio5r2nTybQSmRCsfcLC2wffxAr,111.0,100.0,0.0,5.0,6.0,0
15MU1PcKCTA3vJL2My3B6KQ4RmM4je8MLfHfNjhfrHyE4VNs,50.925,48.5,0.0,2.425,0,0
16FY2rnQKS2AhbmCpCJndXeUJUk9TFHpMcHrpHM8nVbfHZ2n,12.5,12.5,0.0,0,0,0
13N5sFAsvKTfKFQBCgSZ79pwpDEFrHtiDf2Vc6AVUETTESmU,39.375,37.5,0.0,1.875,0,0
15QgKTX4or5Gx2NEkkznHzgwJ7M55dKmLVR6g9ff4yr2u1eE,138.75,125.0,0.0,6.25,7.5,0
12VksjBrkztJ6KiG7WRmLo3S3qy5vttSy6aSVyY3YZF9fycV,26.25,25.0,0.0,1.25,0,0
11Ed9vEM63qd48FfHihejfG7FgCBUWsiYCy6GFuwbCdNio1,210.0,200.0,0.0,10.0,0,0
12vKpMqPbpaVFRhFvbYAKEifMHzmZQ56xQA3hLWopf5eD1eA,84.0,80.0,0.0,4.0,0,0
12TvRVxa8PSmyhxuiwJ8UPF4e1Fkn5czFiNz7AQ2kmWgBvCW,75.0,75.0,0.0,0,0,0
15o9qZfsJHzQej3dLappb4YNTHXfPNUcobfS8pwKKo6J8YzB,295.0,295.0,0.0,0,0,0
15icqikHG99uksvmC5po5Me2dDMQ6pHJgXTkBJfnUFpcy2JG,12.5,12.5,0.0,0,0,0
14BEfNjPmGD6cgVafdE9RQ1CH97m381K6F4Gocus2FiuSnru,208.125,187.5,0.0,9.375,11.25,0
13pa17Fyka2r9nH5X36xQxFnBvruXnDBdKUkxGnK8RuKoDL,66.25,62.5,0.0,0,3.75,0
1ujWDkb5YomYt3H5EN49vnCpuBF1pvSqfJ9ERiSJC9LVhfN,66.25,62.5,0.0,0,3.75,0
1248zBsTbsRJWgAW64gWs4t86N4cgraV4z6yqnGEm4nPqBj7,13.125,12.5,0.0,0.625,0,0
13MkXhQfGoLmmFnC5nqwuApHTdn3BobZ95hkJYStBcbBnzNu,31.5,30.0,0.0,1.5,0,0
15trJiL5oPef7Z6f36r4X1roFqjCWocJf2cS2rHzjgVqS3D8,12.5,12.5,0.0,0,0,0
15qjnZb4ngdbfNXC3jC5bcU66Mxfb8cpZdDvsqw1iNDMrJDY,12.5,12.5,0.0,0,0,0
15ymhYB3NpPajE5pkvdZ1TwH1JC1UrVRmzXzmNKLQtHFUq8q,26.25,25.0,0.0,1.25,0,0
12sht65mh84cvZQ7Sw9PqYuA4QdEAeo9Z56VRNLuRUCcDCoK,50.0,50.0,0.0,0,0,0
153Fr5MUYUhGou5WtSr1MzewcAR6vdQdFSsvDxUfP9ncddsC,78.75,75.0,0.0,3.75,0,0
15GcsGmSGrsKMSiYtq95W41KZm8wyavEHwfK99a9SoMc5FP3,23.625,22.5,0.0,1.125,0,0
1eAWnNFrf64AxPCrFfPWC3HZgVUEnBxWbyiAL6hDj5kxnkV,13.125,12.5,0.0,0.625,0,0
14SuQNHk1b8kgUSAoVKi1VJS1mWZ8Q1r5zKGycUnEXXpr9Cd,12.5,12.5,0.0,0,0,0
13rGSEBgdYxgHqioi4jD4bbJufgzzTkWpe14tJSc66JDXRuC,125.0,125.0,0.0,0,0,0
13C3UA2Ahhniyg2R7zxN7q4hDNATZXd9nN3EL3cdXbWvEiHC,26.25,25.0,0.0,1.25,0,0
13zXzt3GGMi8X6QQH1vBbU5XHv4kdmPpSShVm73tNS67QQFG,75.0,75.0,0.0,0,0,0
1jFoBQJ5Hep8A57KrNRnNGUiXPRTVyExyVaSMTdaoFfpavE,13.875,12.5,0.0,0.625,0.75,0
134BngGvFJNuRZnTpBWbiJcZ55BBbMhm6tk7KkhZhcYV9nxD,52.5,50.0,0.0,2.5,0,0
13NadTZRmPBSM8DGPmaQ1qRdw9Lq1mw7zSLvmZCd3CPtWCL3,12.5,12.5,0.0,0,0,0
13jU4TDYB3RYZKYnMbs8FgmA74ARpbKjJZeB2hfsgfJ9WbdE,12.5,12.5,0.0,0,0,0
12TbZFGq4p9n1maHiLLHJus3HtBb2cDnmrHAPLWv5fh7ddR7,17.5,17.5,0.0,0,0,0
1uVW3xLjKkQTdAjnLuAPmjxfommCDniEGtea8HBJxGG2A3y,23.625,22.5,0.0,1.125,0,0
15M3gsa43NaTmLib25wv7jjdcEEo1TEDByyATvYfN4osq1Fr,13.125,12.5,0.0,0.625,0,0
1246pXonxsWRB1AFrWswiRxsdSArq6R6vyd719g6A1WWasH5,15.75,15.0,0.0,0.75,0,0
12HKrKsGbGBkHGEZHKnTxCJnts3zDNq7VGNsxGJpo392J7NF,13.125,12.5,0.0,0.625,0,0
12NcNL8Z82nHmCm4SCxz2Pk3tpyrrhN71eFe5QcS88XsbmoT,12.5,12.5,0.0,0,0,0
15owxvm7RkYQjkcPHtpfnkHtRVoBmPv3msoSMaKMaZ6UgUF8,12.5,12.5,0.0,0,0,0
16cDt5gcKhwha8GwNfLBKFDnSuqxupyE6SmB8PxhctKNPnLN,12.5,12.5,0.0,0,0,0
13kyWkrBpyQanSw3zbMuwUKhoQWuqTdkJA1ph9XBvpamNkf2,25.0,25.0,0.0,0,0,0
1eXTanT6bcRJeDsZUM4FVuHHSCbSpwPwSfsCf76Ly2XCrCo,52.5,50.0,0.0,2.5,0,0
16LbyzpDdrSvv7C4UaZg6AB12ue7edDj4AvLTmXU4BtNZMKn,25.0,25.0,0.0,0,0,0
15aRK9Jmm94Ti4q9z23Fz6pwT9oLr8oGmW1Gf6b6gmuHn9rN,30.525,27.5,0.0,1.375,1.65,0
13zsD4rprBhoJDHokLEd4WftSgE4rcCyMJhz3XAhovWBJ6gM,52.5,50.0,0.0,2.5,0,0
15G9UR1nr38rbtjSBQo7dicH4CQgrpcnoSzrT8rMH5iw5rK6,25.0,25.0,0.0,0,0,0
14MsncuGw32aLwELNdWNfo5JevqMLAcZjbaqN3izfQtodAJ,28.875,27.5,0.0,1.375,0,0
14r2JNjj2uaHGN6sNqgB6QWnrtYNdaUBVM7zXopAGZWnw4KC,105.0,100.0,0.0,5.0,0,0
1WX4uzL7zadFN515Fbj4tAwryYiYYwjMhubpu5tbeTQ71HP,25.625,25.0,0.0,0.625,0,0
129fQeSrmegpaCErtTPXBv4ao9rNzxWWYxTMrxRNdVVMoXnm,12.5,12.5,0.0,0,0,0
14Y9PQrp13sdwbXZ6ESbUL7PvFGzUk86kWuh9C4AtXHSto6p,25.0,25.0,0.0,0,0,0
12ThVh6MqVWK6LU9ANvzYGe8Fxa2hpXH64z9GWTNMpBCN23J,52.5,50.0,0.0,2.5,0,0
15ZseNxwxHC77LxQYiUmpFTVovDoqhWTfSdsgyEBbPAbjnGs,16.275,15.5,0.0,0.775,0,0
16DWzViTodXg48SJzRRcqTQbSvFBxJEQ9Y2F4pNsrXueH4Nz,12.5,12.5,0.0,0,0,0
15daeY9VQRNH2hqGJV7mYEf9r454ZcH27CXQ6PYhxqPvNwKQ,2500.0,2500.0,0.0,0,0,0
16LqnvKiQJs9FNn4939ZWPcszSbguwqae97JXcCysqoVLEue,26.25,25.0,0.0,1.25,0,0
15DTJ1U86W9DJ536FBBeTSs2pDnXhA6YkqxjsxaXa9VpXaSr,15.75,15.0,0.0,0.75,0,0
15VvB3DbV7szoQmPJPfow8RzKWpUXwkqvVGUSZfD1bL6Rp6A,132.5,125.0,0.0,0,7.5,0
16BEnZMVZCmRyvV3T9xn3Zgvvmo34r4QmrhXK4oRtw789zAo,13.125,12.5,0.0,0.625,0,0
16XneSWFmHMbTzjG8u4QBctuK86DRuNqxspDam7BVrZmAL78,13.125,12.5,0.0,0.625,0,0
15Y8otBp28Lm2DwaqzeUgvnRck47sdLYE66gkPkCmG1BVTTv,13.125,12.5,0.0,0.625,0,0
12dmfvjSVHe9VTDmZHGaNGELBvz7SwsVSusTCjV14f1SrdxV,1500.0,1500.0,0.0,0,0,0
158Yf6zLTEdpnQRgucEhZm8ozXaXLzbWCjT2R5W8PgnCA6uk,18.75,18.75,0.0,0,0,0
1YqtwZKcxkDvoGGokCDQoRsNDiN3QTTkLuRVkHNKZmMCzo4,13.125,12.5,0.0,0.625,0,0
12ErKmZDcbiWX5WfkhgpNKZ7Zb2AieJd13TYHqgJbmNWRszS,26.25,25.0,0.0,1.25,0,0
156HEeYLoLnanJkzzbvtKLftxgqTsSrmtnFBPWsXF8GMA1wb,20.0,20.0,0.0,0,0,0
1jwPjbcf3cP2nQKj7wLVWDoaUQsbXaZafe3Rfm9DwNJLjzs,25.0,25.0,0.0,0,0,0
13fwfmP7t1g7hcgNB9gi7361ZpuyqjwgcrmBTBfXUz5azyRc,12.5,12.5,0.0,0,0,0
12xHerkU5FBoZD8PFRAtG3opgexrfokujK9JCfMSq6w6UahP,63.6,60.0,0.0,0,3.5999999999999996,0
1jRgpcRDpnUXwSSL9zUvAhfDqWxPVwVTWZpTNvUg6zAXmJ9,26.25,25.0,0.0,1.25,0,0
13dWibQwCTkxCLTrdYNojLYcdZ61gmAcoUK48nai8rvcbwX4,20.0,20.0,0.0,0,0,0
13WSYkyncfuJtBvqMZNrSjUR81n38dHSgrrpLXjVG15J744n,832.5,750.0,0.0,37.5,45.0,0
156DJHrVra36APQswZcf9U8fyoHSboJijgqrEU9LGZzr78Ns,13.125,12.5,0.0,0.625,0,0
14676wcsTW1wW5PupSC5DZ74mqePMuSspUZvMAp2Sobshkdf,50.0,50.0,0.0,0,0,0
12Vx5WYmnMR8MNH1RhenMFL5Qx2cQkZB4LUs8UG7usNqhWAv,13.125,12.5,0.0,0.625,0,0
12za6acqmTk5sFocngtshenL5spfjPaHjXAdwGk4vm2WsFdQ,13.125,12.5,0.0,0.625,0,0
13whAobMVW76kX1q9eEZaVGWR5ptP4y8gDTfnmqPQZZqHaeN,105.0,105.0,0.0,0,0,0
16SVDfjXCeCzfbXJekqRQUVFTxyNriMhD6EEiTHrh4BKrvL1,75.0,75.0,0.0,0,0,0
13mgrnzidJ15ttJuaMfhBDCBZsRAN8pyg6UpfH2TYeoDuW4x,62.5,62.5,0.0,0,0,0
14zFJfYQEAp8nMStvggnoB73YUf2Q5EEpCj6iH1oF3Vm5jdV,13.125,12.5,0.0,0.625,0,0
16Ww8oNGK2NUWNyem1Y5bh6jKdhYUU41m89RFCfXboTUvREM,13.125,12.5,0.0,0.625,0,0
16D97Kx6pHdYf1Lj1YZfzLfiKfjrtTCPgbLFkkyjFLNgjHTg,67.5,67.5,0.0,0,0,0
15DVbLsteCNMktpaFUesFiabPTKNN35CGeBkPxDDqRvocfhA,162.5,162.5,0.0,0,0,0
1H1mC8SW7gvF7KYTSwT1HKPzgpXAu5yHCsUzcaLdJSUZa83,26.25,25.0,0.0,1.25,0,0
152ceXFpiXWEhNyTpj1rA1dCf3SFhhqtX7HFHbUoQLEG1uvt,87.5,87.5,0.0,0,0,0
1498rjJVBwKv9Ljn4AkQSypoPxwg7o27zV8qwauE1keKpTGw,25.0,25.0,0.0,0,0,0
12y2YpbLypBTdqGWfSoKNKiLVfLwKujhfBj5yLXSVfXqoNTt,18.375,17.5,0.0,0.875,0,0
15kQ9a13g5dMdgeg57fidvjd8VPHXqv82rtS5jyGrzq3wdvK,252.5,252.5,0.0,0,0,0
14NGeH9xebPP6vfbD9FrESypgJqPuFqqUKYgVXAmeWiEvMHq,25.0,25.0,0.0,0,0,0
16Dw6n41EPxJz7MvunRF1BdVa49pKfu886bw4CQGJEZEyheg,37.5,37.5,0.0,0,0,0
12Sz9YJwx6Mh8UpG4puznwmdHECzeHgcjzfLQpE4ZcBSDwZR,15.0,15.0,0.0,0,0,0
16DdYHwBpdk4oUPWnXjBLZozhDFPE7FaoBBCbJhjpeJRgYra,12.5,12.5,0.0,0,0,0
12racYgCvJLU9ZESoUHjjBaQmw9ZnmqzgyYKMsrxvFpzRcVN,43.125,25.0,0.0,18.125,0,0
14XvWDRChThWrgPaBmkMKqySqmtXeP9z4nmDHLfxh4F5vaW8,12.5,12.5,0.0,0,0,0
12C9qNNt6bb4b25uHog8ndYVcE2DGRRizmKhaTPRRJTQiQo2,26.25,25.0,0.0,1.25,0,0
14kmvaizznLgPxiR3crmbP6xTKdLjEqZRLpfEerCjKrF2JZA,13.125,12.5,0.0,0.625,0,0
15PqJiHi8FXciKisbQ916FX21RigYBaegtf6gjdcNPwuNfkq,12.5,12.5,0.0,0,0,0
16dTv6wWio5DXh9iveJH9jAveCqBj1dxsuHAALpCSVHtkXGP,57.5,50.0,5.0,2.5,0,0
143cZZKpKneHTW5AeqmCpJDcyH4NMQZYLuvaArowLnqos7Jd,12.5,12.5,0.0,0,0,0
126FMtX3pPkz73hSA6JfDRLyxLtny2vD6XB49SUG7dqULv8a,12.5,12.5,0.0,0,0,0
16AayaZnykQu3nU98cVMoH66gGahEgDixatE11sNkEu74rHp,13.125,12.5,0.0,0.625,0,0
12jPhZ1i5GQQxH1wL714vZBF7tSBkk6WJSYsJ93oJbyGuP3w,12.5,12.5,0.0,0,0,0
15f9FudYX8XRGqjXXusuteUfSznyVbUf2twxTM92wun67jLf,26.25,25.0,0.0,1.25,0,0
145rq6baREHRQBWzhcPFDj2GSL8mYC57YZZqdWeuU9N6HjsE,262.5,250.0,0.0,12.5,0,0
14ktqkGhs3y8uj7qKLw92Aj6XasBLP22wUY3TG98ixM6C6Ww,34.125,32.5,0.0,1.625,0,0
1NPPHcYs4zaRqsK3tAkDPYzakPJgrtTe1bqrGd369QRLDcG,12.5,12.5,0.0,0,0,0
15DwTYayfN4XcJZHh3KCXyb5gmG6TiJEQ6Qw5nkN4nKtxHBZ,13.125,12.5,0.0,0.625,0,0
142rRW71JGZRAVNoHKhY7ZmuttN3xowFN1XcWDrp7X68qVRS,1312.5,1250.0,0.0,62.5,0,0
1EcX8vai1X9GrR4TDKuyLiX2vGbTNQZYMxDLXVcs1ReGzxK,49.0,43.5,5.5,0,0,0
13TX7UuMQPkZ6DuftTabNs8DBFukny3rVnD6755E7B5R7B7n,222.0,200.0,0.0,10.0,12.0,0
12WJaKBjUUeg9WkjxVCZxPqccEXVQCB9KzJnMbWk2iwhAQer,39.375,37.5,0.0,1.875,0,0
13j94iae2B4YReiD7rVHQm641nGqf1pxYsTAuJmrJiRuakph,28.125,25.0,0.0,3.125,0,0
152rQrZ6FHpyhTCE4LvDe4358dtZkeWH571aMbjzwT5anmhn,12.5,12.5,0.0,0,0,0
13bdWaHmSsamjP2manw3Mpjv7m1Y2KwzrPhzCdW5uw3HsfsD,25.0,25.0,0.0,0,0,0
15GRnbKrS7YEe8bptDrotb1HPms4t9gwF2ebtv3uYCcaVYug,42.0,40.0,0.0,2.0,0,0
127BcWiLiiDKwdeaBATF2GwPmz3tFe3VGoPGdrQFkb3gUyHY,131.25,125.0,0.0,6.25,0,0
15rX6TeHY6KVe1zU6EuNY4ayTqTEjgxF6Rk5vgmrCQqJ74K1,12.5,12.5,0.0,0,0,0
14GA7VUJAryetkYkkp9aSFe3eJ6rztDH8sy33yPBscLrg1ZF,13.25,12.5,0.0,0,0.75,0
12br9G2vRJPAcTqEM8g6mtuPUNLbKGdWESCRo6CVhQHzFWPc,12.5,12.5,0.0,0,0,0
15vyQMqDSTuUndQ7N61XqBaEYSXSiA93UJDNHoD9Ean5HXcD,50.0,50.0,0.0,0,0,0
12nTPTAZKuzGpta9MdaEGvBsXRPr7jET83jTbCj7txZc3Dms,87.5,87.5,0.0,0,0,0
163E8ZjQsQnuPyYxt8nuUQoKvUSQ3FCC9J6b5EQ7VLyibToh,265.0,250.0,0.0,0,15.0,0
13VcMAkzpRVsnFovt39X53hyMATjj3jEBaHWGdWvv27yNGZV,26.25,25.0,0.0,1.25,0,0
167ZBy8Zg8etwx5aqtbgAaqMPMxUGZoyEotDkgVTAp2gywQk,26.5,25.0,0.0,0,1.5,0
13bg4S1TtG6immm6sHt3MNd5agzJ69iGwbFCb2UTAjg4ycAz,131.25,125.0,0.0,6.25,0,0
16UxvwTgkcDjWPkxLdm8nWyYS5dqxvu5KXoADQ3iUq4BE81P,25.0,25.0,0.0,0,0,0
1PCFRvxpusmBu2ehGwYeNjY3cS65BW4Q3eFMuzjFHoZfazz,13.875,12.5,0.0,0.625,0.75,0
12xFvxZE5Er9Dd5TTWrfq1CDSXNViJRMsg2buMGXMsAjrwHt,25.0,25.0,0.0,0,0,0
14vChHDMs89J6zbXH1BKPAi1Ej9vP8FCNa9nLGCbHbCjMckS,80.0,80.0,0.0,0,0,0
1dyyv58o68eKRnywUw9qQKqoZmMy7FSW31MyQEaPWhR2eLK,37.5,37.5,0.0,0,0,0
16FRgKbsWvy7S8FTFATb58GZFjurcFZ9SAjnXG7Fmg7EAjNk,25.0,25.0,0.0,0,0,0
1s2MCoJZHCyYUo626m4P8cfik6V7fG6Ncyi1wNqs4GDLq45,22.5,22.5,0.0,0,0,0
1jDWbfV81JvbPF8tJtLHBiDF16HV1SqMfBfH5NZR7eRasFq,105.0,100.0,0.0,5.0,0,0
1jrwQUTTmMtSR2gvKbAcVGwQhrQyUJrgdMgyWQFXXxgegne,26.25,25.0,0.0,1.25,0,0
12Nv9mdEv2D6fhP9KFkjemptN8PXmSi7Hb3Lw3V1MP8S6Lih,13.125,12.5,0.0,0.625,0,0
13txiZJ8oiVcnNKzzYgvoT5mdZDHEdoU7weN3c9x6BQVaSWe,37.5,37.5,0.0,0,0,0
16SRGHcNGnPcihHRUJgUaVA5iqvrMT22P7o4ZK2nZrCeLFe7,50.0,50.0,0.0,0,0,0
14coMWWyXn6tN9JTmcwHucFJxgLdQcP5SaTH9ea79oLtZscd,13.125,12.5,0.0,0.625,0,0
13s2sfkMADR54ACkc6rSJPKN7V4qkFWz2F9fe89kgXC1JG5c,36.875,36.25,0.0,0.625,0,0
15Dr6RTuHvEiYx7zso4QLBYjaMZ8wuadW2mgQWkQKcM83aDe,12.5,12.5,0.0,0,0,0
12NK81zsE1TiFzwGQ6VDnWcfG1tVVxJqxfEVBv2QJeoZfABm,13.125,12.5,0.0,0.625,0,0
12pxbpoDkZbN43J1u2s2uQwqLrAQ36bJ3VKdVP4CctUE8neD,13.125,12.5,0.0,0.625,0,0
13jWemPWJ2XnKPeJTTir4yQjPmbVpHwgUckg6ybRuv8dZ2GM,98.4375,93.75,0.0,4.6875,0,0
12GkeZqQgEnCJUpPg5K1dCdvwPdCy49gBkTcNiX24hDdaSvK,180.375,162.5,0.0,8.125,9.75,0
16AA7R1BFX8cd5dG3ryCR3jTrhBDqu1G87Bv2vsS6Pxnra5K,25.0,25.0,0.0,0,0,0
12H1H3qjuPkDiHNBajDbPuqNYXpnHkQAJyWJXYuvZKzotQpd,13.25,12.5,0.0,0,0.75,0
13C63qCbchp9KsTobSqXbvUdkNJnUYWo3WJWL6MABtoXRsBb,34.625,25.0,0.0,8.125,1.5,0
15JqjHCZJHE8EqmVAqiUDwtVpEag1UFrpb7UdNHxzyYZdbpm,13.125,12.5,0.0,0.625,0,0
14VUCRe34yFt3PXoMgamorNwVvH81kUp8tr37yZCGBsHPiLm,12.5,12.5,0.0,0,0,0
123uyzPbsrnwHmdB4ifpVux8zbjaAQTtV1JVVtDZfHUs8NUx,50.0,50.0,0.0,0,0,0
12WfHmQ3QDR8WjHEiuRrnKdKjcknBAMNC5CxpSLev3hkqVNR,12.5,12.5,0.0,0,0,0
13xisRCz3KzwysrYKrhGHvPVs21ycftSWTK27FJqKpPdBEUc,25.0,25.0,0.0,0,0,0
16mKAaKjARwks5RnvTsCSdGvp1Zpi7dFJ9o2yEQY637899At,12.5,12.5,0.0,0,0,0
14V7u4SFr695sQtvubZd9SJfqxDL1HBWEt7cD9ymhmVkYZTK,52.5,50.0,0.0,2.5,0,0
12TRJiVM3DoAFPHq6PSBWgrfd1YMUtFjP4bkvNb7VaJRVX9E,13.125,12.5,0.0,0.625,0,0
153bvoqapDAjznSJMUrjKSSQCWv1Eb74qngxbVDtMjotB2ct,12.5,12.5,0.0,0,0,0
146ATPRYmY1WCXD5NvPwXUweZiBsV4d4XGnMMFAyESWaAuoD,12.5,12.5,0.0,0,0,0
14mFEGfx4cpMfzS5228WLoUNfX1uPap3Uv4qfCQ9rmyp5w81,54.075,51.5,0.0,2.575,0,0
155PyPLjHUCMjbiRmdvPrU9zTfnMD3TradMyuCYtiLDkY3b5,42.0,40.0,0.0,2.0,0,0
15fjyHqjBCGYUifo9fMuuVQsz1PW8fKa4CXSPCefDLsBk5K6,17.5,17.5,0.0,0,0,0
13mnSUbNLwrBmrk4QSJTaRvf1hBpw8bygDV7qJU2uN5sfpJE,18.55,17.5,0.0,0,1.05,0
1y4SKG5xhunstypko9Es5Zswqk3zCQMGxfXsBCHNbBLtMEV,12.5,12.5,0.0,0,0,0
13zhLFsBhBpbr6nYgYevjfg8kJw9wJtd6EXmtvAhLB6WPCFa,50.0,50.0,0.0,0,0,0
1hFaNHVuaKrBy6vu6fAQxs3KRDjrqwt9gmbMeF7Dy6f2jWY,12.5,12.5,0.0,0,0,0
14r1dSNhr73goxsX74XEAULouGs3jdbLhvWjoJZye8DKARtu,50.0,50.0,0.0,0,0,0
168Bnksizph8zgKHu9EVNtTBL6kQu5hXNyXg7Me2UDm7wNcE,13.875,12.5,0.0,0.625,0.75,0
14dYp3Dgic7fRo6mxehHm9F1DAW2o1n482dyxyJ1NgJcwpnk,12.5,12.5,0.0,0,0,0
13JomySYufLCqiZC5Mb99h7GmYPH9YeJZkHnLpkMMTVeaDCK,30.525,27.5,0.0,1.375,1.65,0
13gHziavbtBdL1ATuWHx1uZrPgdY6ed6jhZwgysZmsw2w2Cn,135.975,122.5,0.0,6.125,7.35,0
14XnEDWbwkeJ9TV5uxhS9e6wRLmtAa3mRo8va6csLPwYsnz3,12.5,12.5,0.0,0,0,0
14SiKJhd23wUnfHsLkchfB8TCfnzJQEaUiivHnicxQUdTdkC,86.025,77.5,0.0,3.875,4.6499999999999995,0
12b48RCwjMAHZv9226mJfGsjjqnN9xGgCG3Sa4b5CzUPaF99,60.5,50.0,5.0,2.5,3.0,0
157u6re4wWsP17JkFAWrTWQw5BokfhT7BcMq1Av2UthnQt2o,26.25,25.0,0.0,1.25,0,0
13uWDVjd8SfSGGeiK7dykFczugumrq57FmPLyQZe4HYh7UZH,12.5,12.5,0.0,0,0,0
13KceXpKiwNgV9ho94aYgLPfYMX9G8bX2FsEXEjt1i3HuiqX,83.25,75.0,0.0,3.75,4.5,0
1ChFWeNRLarAPRCTM3bfJmncJbSAbSS9yqjueWz7jX7iTVZ,12.5,12.5,0.0,0,0,0
1FAduCQQseXjKUB71645z152ttcUnVHxSra3UqRWSfMG62z,12.5,12.5,0.0,0,0,0
14Fqe3bQbCYGYMtAq5su4hH6rQDRe2BNZ6P4cX7XskmtazEG,47.175,42.5,0.0,2.125,2.55,0
13sPkSwxoTzCu9QmbxnVNgmv9J5w5w9VJB38NEtCrKnPyHWc,125.0,125.0,0.0,0,0,0
1cK9J9J5QATLscrFgcW2u6eCp96hbDMXE6aouhuXRzDjofJ,75.0,75.0,0.0,0,0,0
16hTLCFkUFq8XE3jchmhouLMmLRDHPUPNnR3WMsGqVZ3v7Ya,53.0,50.0,0.0,0,3.0,0
12MznHbMvuT2aSR6kMbgYFozho5B3bWzG3hqYkcwdwxHYTwz,28.75,25.0,2.5,1.25,0,0
125yCax9Wjge6tVHXzxxdoL6k65wobKUwvytEpYqgkz2hMmx,83.25,75.0,0.0,3.75,4.5,0
15KQKpQwMD5GYpry58qYQ9ckLJFmRAdcdj4a8qRuzJPuS3Lg,17.0,12.5,0.0,3.75,0.75,0
13HRbApEdxL6xTJeieyZQnmay2QgPTarmeGoyrjZwmtZxZmT,12.5,12.5,0.0,0,0,0
16iWHxcmsYXHKSyf46vmUUGZSrQtvyPYs8EJHbeVnZKV4q8u,26.5,25.0,0.0,0,1.5,0
16Zi1tA4ApGqZSK8ANiTprYCY4zbUL8EfTVhA5hnnjNUL5Ad,75.0,75.0,0.0,0,0,0
1LE4dhzsXDfFFnAGFPkfdBneRkPr821L7vSG9KLW2RnBXVH,37.1,35.0,0.0,0,2.1,0
14aMHePRk43DK2GJggtqdqCwDYdnmaNLzDvKYrC2ma7bS9iy,78.125,62.5,12.5,3.125,0,0
12p5jUQicvKpRombMt9x64hN6ZXfvwaQnjnAqtNVH6T8cL5C,46.875,37.5,7.5,1.875,0,0
16MAoA6VsS9qWek86Hnu3GnU14Ei1kwZCnoYF8MDQE3kpLZ2,30.0,25.0,5.0,0,0,0
13pnSaN14n4q7WpceVAh62713oHXrdDEWXvHKFsJ6Kj7dLGn,32.75,25.0,5.0,1.25,1.5,0
165ahBThQhUBxi1J4dcVQRGU1HXfij9LPTw5u2Zr3DQ7HL6N,16.5,13.75,2.75,0,0,0
1ZmWdQqex2AfSHi1Gv79mGv9XQ9AiajNomeKpCJBWbYwdvm,171.875,137.5,27.5,6.875,0,0
155T2ccJCoW1WKjfSpD7sqEafyVjGsLpJRxECZYmRgPxXPB2,46.875,37.5,7.5,1.875,0,0
12jaPoWUbu7QiDBiCqxw7EXmumDDPb7di5BmNQ2qPm8jwgjE,32.75,25.0,5.0,1.25,1.5,0
1NNhBBQKMZJVCZpM6m39DUAgiEQ3KGxPdMe6vDvAtNBtXmS,15.0,12.5,2.5,0,0,0
14g1fhcLbmD14TrM6DHtf1Y3hpUfDvU5gnB83ipzyJ8Wufgg,312.5,250.0,50.0,12.5,0,0
12UDB5vWsdSsarTVG9vC3LNaq2SHkSNqmGn8HpEufzMN32DQ,312.5,250.0,50.0,12.5,0,0
14oHUTSCs6iTox2FAgnDm7AQcGamvg7uKyahyytk7VjzWs1j,982.5,750.0,150.0,37.5,45.0,0
15T1uirmEAiFhLH8CLaz5DSctyWfBCNvQuJrtBXjBaiqrcwq,30.0,25.0,5.0,0,0,0
1sVWEbeuZHrE6s6j41UCkcmomu7MtdKhjb84UCmgJYehdTF,15.75,12.5,2.5,0,0.75,0
138rv5PE2aCPEaMpUqo1mFzVpoUhvL8Xdf2ZdxVA17FiwMrr,171.875,137.5,27.5,6.875,0,0
13HEjGM8YnKgHtVBuUfysYRXrVsrtPxsBbQzh1F6yW55ibXz,17.5,12.5,2.5,2.5,0,0
15V7KimBVYEW79Txy8G8zkgBsxmuGsN7Wp8h8LShnr5mktgc,43.75,35.0,7.0,1.75,0,0
13JmMyzzdzZbEsSfaMmjUZDaugQ1m5ELp7UHioCzsxKpEqCv,15.625,12.5,2.5,0.625,0,0
12KHp6ibcgiEu2uUmmidGMLB2p6X6Bwk4FqEyK6As3cWg56V,94.5,75.0,15.0,0,4.5,0
13muHaGGG1TaCrPakZZzFLv4KyW9yWjPfpGm634L5MewMixr,87.5,70.0,14.0,3.5,0,0
13TJmDzDk7hTVsH1UomyQMnSDuwNRKFuArmo2gGjdL52x8MZ,15.0,12.5,2.5,0,0,0
1TUkA3M1zAxYy7Z9J9d5zBhahUFRqAZ1g2zza6ZWEaAUBPg,15.625,12.5,2.5,0.625,0,0
13fC5VAnBaQ6f9FtrdM9L71XrqraGMpr5KBeF8EQuzA9K6o,31.25,25.0,5.0,1.25,0,0
12EkHcp49kYxNrKRazSor6p71sRAL9iFoC8dv7HHeMCGUAhh,15.625,12.5,2.5,0.625,0,0
1EgNYYD1g2dSYavyTT13wkMZ8co2MzELtWuRabjRdQoxXPp,163.75,125.0,25.0,6.25,7.5,0
15AobSAMCxP7mLro62ZCdFkAukyRKhxUJj8n1J3zmX5DGC6u,264.0,220.0,44.0,0,0,0
12Yka6vKY8gqumJUEFiE6863wyo6V2X9ACwfPFHAW3GEftSu,720.5,550.0,110.0,27.5,33.0,0
1HmFguq3fJgkc1VZjhUB4w5VSTMDnVSgfRKCsfqT9KGQy7D,17.1875,13.75,2.75,0.6875,0,0
162GgYBMk3ozxMTzsRFRfjutRuPWPd4XizvEN3CYSpABodXY,39.375,31.5,6.3,1.575,0,0
12dSZuSCrSM7LPHStzSuV2SZ3MuKUg4AWh9FZrRYLBzUAPbc,16.25,12.5,2.5,1.25,0,0
15iNyfDFUAgtGzhhfBoEbCzemTZfAZL9ryvxW6RfnSgvAkhK,328.125,262.5,52.5,13.125,0,0
15FZBAJ648sgAXaycuRVxFwEfNaF7aFCBZ6TQVcSv7jVdWEW,15.625,12.5,2.5,0.625,0,0
1298y1MbqL3xYqnARjXaJJetcBANPpMRNM1GmRRh4N2Rogrf,32.75,25.0,5.0,1.25,1.5,0
12F52gNr3b2VyM6oQAmetVMLX2qD2acjZha5rmADRNNraSuf,32.75,25.0,5.0,1.25,1.5,0
16XgmLkjHLM3SoMfzpFPQqLZ9tNTxggHwsixNz6rdE9oZf4q,32.75,25.0,5.0,1.25,1.5,0
152Tgro7Hyojwfnv4bwrdnFqBmpXVyCHQTuBJr5N1p48XFmT,32.75,25.0,5.0,1.25,1.5,0
14mnnwtXoMzrVuVqobBnvhMGQ33o8d4niyvDAGEx4GWfkC46,32.75,25.0,5.0,1.25,1.5,0
12CRwJWvCRKVgUjZ3GDgsAEAuPjPMB6EeYuN2dwF55pTtkE5,32.75,25.0,5.0,1.25,1.5,0
13BGZEgH732Rny3NWMcSWnXkTVPNYg6vDSCrNzMhUrqgaxPf,32.75,25.0,5.0,1.25,1.5,0
13g3JrG4aU5ZjvHHLG3FAVceLVvP9yeWEhWQ2jYZYyMxGxAZ,31.25,25.0,5.0,1.25,0,0
129HrbjEr11no1CfCkdUBFBpdQg6F5yDShddg752iyn82Yju,32.75,25.0,5.0,1.25,1.5,0
1EvbcMGyHq8QjXxFrscA8brcTHhTLnJ5eo87vCtoZA8pynS,32.75,25.0,5.0,1.25,1.5,0
12TqQCyKxgha36sgjdgHrWaV1UyiEbJVxrRbHBGyAQdb1khc,31.5,25.0,5.0,0,1.5,0
1bq1qMjbno6PnJEHo9hvLWi9kX31atfpgjpZ2zVHNzYtQ33,18.75,15.0,3.0,0.75,0,0
13u3k2hdQC1RrEtPzWhYCG4CgcwdpN7XPawmS4opajfFUaJT,60.0,50.0,10.0,0,0,0
14tyhkzyUVtwmHcUbgeyhFdHtqua3v9pi7WHiMYqbvrsM6vT,150.0,125.0,25.0,0,0,0
125zqegkBX8M8uakbWc61gktuQC97geKBiW5kd1PFMhBSi77,157.2,120.0,24.0,6.0,7.199999999999999,0
16XxwVPXrKZmgJYMYh1WC1iiaaMZJ795ExB1fnZUXM52BsGq,31.25,25.0,5.0,1.25,0,0
14z15PEsSm5xsZ2mUWWoLVxZZzNjn38XHQU1p6cFA73v7agu,150.0,125.0,25.0,0,0,0
13BFWXMY5ShbjbrjMJGkPfF4fwCu69cUoqExbJ9db4RbnVVB,628.125,502.5,100.5,25.125,0,0
16cjpzwj84xMHDaJLnKi3uhwsuSLLeCCezdbwGMsZkPRZzPN,18.0,15.0,3.0,0,0,0
12KUaAud5sYuStefi3FnepqhQjcDx5ExcAaEgZqJo6WQCS6n,31.25,25.0,5.0,1.25,0,0
1hcyKFrzt2pa834HxQRGfmBsjyeDXVaD7dxFci1rGbyyU4x,53.125,42.5,8.5,2.125,0,0
14Q1afCPtqYRLU6qQhi8undr2xCTaowEkFy96gyp8fUDeM9q,40.5,33.75,6.75,0,0,0
1bvCxegzVfz57wqWXYhJeLY4QRtkRAacGSVZfvz8FEyDR1E,15.625,12.5,2.5,0.625,0,0
12eJFtAgFAxNPortuMx4ndqTR3Xw1X3vhxPBngGcX49MjyVP,93.75,75.0,15.0,3.75,0,0
15tn5xhSK58R2PnpFNMZ6h8ggP4aXYraxc1eTUpUHaR2PXJe,15.625,12.5,2.5,0.625,0,0
14ysRfXNNy1aqrKTB8g6GNf3uBPkBTWMH3jUHVBeyKZokMrL,45.0,37.5,7.5,0,0,0
1qG87MeJHo14BmUuqZV6ZzcmT2Q9GoA4THufhdAFQ98wBLQ,36.025,27.5,5.5,1.375,1.65,0
129rrvRMoAmEWApVJUBpkjGQpp1UXWKK4pbP3FQariTjCmJ1,15.625,12.5,2.5,0.625,0,0
12EzgRXWftrgD6BzM37MDykL7jDsKdr4oBP41ttkJ18Mh5JC,187.5,150.0,30.0,7.5,0,0
15GZS2fcYmutCrkZk98Shhg5YNeHYm6Zzt2sybCmfynnhKiR,163.75,125.0,25.0,6.25,7.5,0
13wvVmF5t2rsnpiy6nhBoVBQyCh5TfJJhfUz77pSb3NyfvYR,15.625,12.5,2.5,0.625,0,0
143VyKQEF4qiiGH1fs2yZpirf4N6fCibXxJNC5CKAqYgiTRA,15.625,12.5,2.5,0.625,0,0
16315fBLvVgJwZLcpHZPZ5uXRomQvXa9KgCCpjkN7jK3ZDss,15.75,12.5,2.5,0,0.75,0
14CZQxCUrGT5T68y9Mb1NXsE47j3XMB5ds9FDGpD8Mxu51d,95.75,75.0,15.0,1.25,4.5,0
13v3VLDuEDz7k1UPCPws8cfn6snPoHRjxes1hkoAaHpgr6xi,65.5,50.0,10.0,2.5,3.0,0
13idMQF9FG4Em6L5SD2iMXe3CLRQitjrTh75eXLje8zuhyfu,60000.0,50000.0,10000.0,0,0,0
1432sC9tVGfLGawgQfyPq49Bv3erGeWamWFuwYdqWEdHLQYD,78.125,62.5,12.5,3.125,0,0
16hpCeBoBqQcHitrmcwCQDsBs4isfxM2PasiL6v7Va62VsyE,312.5,250.0,50.0,12.5,0,0
1468ufQMnoaPGyEjtY6u3tGkRKotMUS5vbJZXsMef1FVXBfQ,78.125,62.5,12.5,3.125,0,0
13ipSNSJLgs8yAZqMDGTwJQVizsrTRPYeUDYZP5iqqV9BLFD,15.0,12.5,2.5,0,0,0
1TJiwrcSp1SRnqg8rDZ1aSoe35MwuW36UXbmrMgUwdjKmxT,15.0,12.5,2.5,0,0,0
162xPNEz6JVydq9pbYtXaMn8mRJzVFNumzrHZsetWj765cgH,15.0,12.5,2.5,0,0,0
1mapHDkyEFEHF2hh16rzNMfSAQ7G59Ck9fCHrwtwqfTiY2D,62.5,50.0,10.0,2.5,0,0
13C31QtjcAGRxurCD2sJFSnAXg1TLeaGfd2v593NTKCjWzNn,15.0,12.5,2.5,0,0,0
1QrpMx2pk3QJRUeeabt4T8dFyaPjePkzHK4ooLugeHg55v2,15.625,12.5,2.5,0.625,0,0
136Nrsb6y4HNwoRTDzFzTadP1xvD3WQMS5Em2oc7R8iX4W5C,15.0,12.5,2.5,0,0,0
16kG3XKP51SKVAyvVLKHjLuxvAtWxyZj5ci6hrsEPqQupULf,30.0,25.0,5.0,0,0,0
13YoNWZRfuRDyxJTxd4UYzcu9Qzwq6zd2LFZJkMBFHpjaKSe,98.25,75.0,15.0,3.75,4.5,0
16UwSvXsMWuW6ewxKUYbG1C1jhCgmbHKP1GuzR6PZkK1fibK,15.0,12.5,2.5,0,0,0
15JW8juQHCWWRPpoGQSodm5GjJZSMq5zQnS64tCCrgdCBSxD,31.25,25.0,5.0,1.25,0,0
1bAoGnpypbMhVrMuTRq1vDwMsXh7oKJuAktHVtbjxVAQsf6,15.625,12.5,2.5,0.625,0,0
1HiLauvQio11biLFGXaToguz3fdKQURwVaVsuZh4BmFhvMo,46.875,37.5,7.5,1.875,0,0
14AvtUT48RKdngjoaMvAJb2SuB6bA7H58q4X15PYQkJN221C,26.5625,21.25,4.25,1.0625,0,0
14kmP3jsj4uXMef212uFBBNKivwpwQheg39VZ3wnDhUR8Z6M,100.0,80.0,16.0,4.0,0,0
16LXTwz8YrfcNS7Espe9Age49risX4yWmq2f25gGv8TLDQyB,468.75,375.0,75.0,18.75,0,0
13ihLckLnGGjxwhBr9nZKX6FxzrWueX1KHgCgAgLsstPxFjx,46.875,37.5,7.5,1.875,0,0
13K9pA1ydyzCkZhFc2HMvQsLJYzTKM1imQgDcKtYvfoJiZLr,18.0,15.0,3.0,0,0,0
12HH7cN2DbZ7AhTfcCJ8gc32Awb54sMxXy86xVCg1gaK1RCn,65.5,50.0,10.0,2.5,3.0,0
14GiLJrZbWHdxkC3JjokoPCZD9LbKYFzQtmk7tbo3LXbnhRX,15.0,12.5,2.5,0,0,0
13pni8Mq7Ytv9NwubJXmnn9UCkQmsA85edLo3SnsoRVKdehQ,39.3,30.0,6.0,1.5,1.7999999999999998,0
1Yjwxx4kTWdtjXF7AtUVG1wwYWh6WfqHsf3U1pjx6wjCV8H,15.625,12.5,2.5,0.625,0,0
16huyxTYfmj7aseJYm2JB4D4F63DpfYYK4pbTZNkaMNWwWdC,15.625,12.5,2.5,0.625,0,0
1WtBEZPW7XjnsaxJNufqYyugGCZXzp27Va8fABKVA8JNoVS,62.5,50.0,10.0,2.5,0,0
14BsFXW6As47LnfB9AuTye6TYJck1JosyNCfwSYSoX5wcRTf,93.0,77.5,15.5,0,0,0
15MLds2AkRNFPi3dw9suzTads53tSVGCHi67KWsLW9HFMb7q,180.0,150.0,30.0,0,0,0
14DK9HQyuWeZyJkQnyGLRszXARubba3HHX15Ty4Rb7QmqeCt,15.75,12.5,2.5,0,0.75,0
1unAyUDAKWBLgZN746G2wtnmKttYhnZoYziuEcoJzxjGiMK,27.0,22.5,4.5,0,0,0
15iXwLTKWFXTSbvuZ9jWq1y8dNsCyM98jbj8JeVXGDxa2qiH,15.0,12.5,2.5,0,0,0
15wZpV5H8GsvQpaYvsn5nzH6rsxoWG3bSx2Uqn2z2Jrx4D9y,31.25,25.0,5.0,1.25,0,0
14odUcxg2naD98zjZvmMTM8T9DbujfCQWtqNutQnfUs5PnRk,15.0,12.5,2.5,0,0,0
15MCnNrsXynzEJKhWbEzSsFTE2XF7BJRJ944F2fVSdjxLsav,16.25,12.5,2.5,1.25,0,0
14oxYGJgXjafwSUf37TdTNQrTz74yyan2uaj7CZKu7ZymFXM,46.875,37.5,7.5,1.875,0,0
15YHF2rTGSEqYGpWSReAJz4NtdHC5wS7qqw3wWXHr8z54nKg,46.875,37.5,7.5,1.875,0,0
15VCFXvr8B5fYg9EbXbiWQ4RUWPdKLBfeSv44V22GYQHgHAL,25.0,20.0,4.0,1.0,0,0
15z3V81cJ5kgGqeZKTjME8a8nfuY5MqmnFFpRYr76khPT6mM,281.25,225.0,45.0,11.25,0,0
129ZQ94dAExvPeRmCRhE5uJDu9DBXCBannBE9PMGMQHVPEmJ,31.5,25.0,5.0,0,1.5,0
15SDCHAemeyCi2FitH2AiHLy8yd8Y1obV1e3mdBR35zVpjZQ,150.0,125.0,25.0,0,0,0
15hxcZ2b1fxdb4UXQijB23zQH7VhL6QCpkV9bSdPqfDKqyb3,465.625,372.5,74.5,18.625,0,0
1WetWdGDySuEWkgnzCKzjVTrbegqAqXzXKBxVG6nf6VtP5c,15.0,12.5,2.5,0,0,0
16MP2k8KuEQZkDo5qyGHC7d3SpyT7xtru4g5kvv5eAPs8xTZ,65.5,50.0,10.0,2.5,3.0,0
13jPD8GeLsgXN1DzUvF6oLfs46drPwTf9VPhQQLSZM7ne2DV,31.5,25.0,5.0,0,1.5,0
1esjDuFJ6UfMLADWz6qnK3Ei25Ln7mZTU4Z643jprUpisLp,982.5,750.0,150.0,37.5,45.0,0
14oP5efXdLR8YsA5BAwZx4SjifrdesHCj57vELBrAjgfQYJM,740.625,592.5,118.5,29.625,0,0
15Y9TuU1AnfTuHqwStUuWMizqt9AzSF8nTvJka2Zt7UHx2ye,32.75,25.0,5.0,1.25,1.5,0
13jRdTksuCUCALZnNWBbW4iB7vWx989Uxe3SWTs1yXarymKi,1415.625,1132.5,226.5,56.625,0,0
14jHbzYxbjC7CYGq21szD8XsD6JPRsmcmJcwhhhN44Dm9cSP,327.5,250.0,50.0,12.5,15.0,0
14B5txgWgzmgvEYrVP5m48ZEbUbgAt19696EhYCUBc3b9PoR,16.375,12.5,2.5,0.625,0.75,0
1rqkApLx2mCZKYLRrApMtTsuBx98h1y8D7q7J4PeXmbPsuM,60.25,25.0,5.0,30.25,0,0
16XF5RvMFAFYsKWR5hXCFnumRza2nrEUXGf2ufUGDR2mEU2S,18.0,15.0,3.0,0,0,0
1ZMb4pvDyZq7K5rRTAUckaPSUZAuhmAK91mwFdJ2qW3gCsA,30.0,25.0,5.0,0,0,0
13isBBA2tUyCWoU3NPzvN8beWfTZkVJkMFSmRpYzCLH29UWV,31.25,25.0,5.0,1.25,0,0
15ow6f7wE5JvDgUc4i2ewn8oLmdUiCZFERHWRNLvHYq5VDGR,123.45,95.0,19.0,3.75,5.7,0
15wi4f65q3wqhvVrt5qrzENFjKZ3cAXL3SopdqeG3eTJLcJy,60.0,50.0,10.0,0,0,0
1LG6i7RLJoqwtwSGgCNxpXRPL3v5hJFMNeaTejJ6hkXgxno,63.0,50.0,10.0,0,3.0,0
16XdaSmbc3z969bpjJzpZydC42wPVMT9ttJMqz9KTSrpboV3,165.0,137.5,27.5,0,0,0
1ng1coq6AUXFQPzV5rYb2kvK9x2DN8Vmm88oVzqC39rJn41,16.375,12.5,2.5,0.625,0.75,0
1685e6k9Va7CdRzyYzxaHJW7MtY1caovK8UA1Q1Mc38a4gx5,312.5,250.0,50.0,12.5,0,0
13MiPJ7EHumemRFqobMxnbRvRaFLMC8MooGB1PA3ZPjsCAgz,16.7025,12.750000000000002,2.5500000000000003,0.6375000000000001,0.765,0
13BKxZfE3kTQ7Q3WeC2Jh29F8MtQr9Ht17czYfhgjvhZ7fd7,15.625,12.5,2.5,0.625,0,0
1jcG47iCCGjsaSyTP65v8bLw7GazfMaCnK9LUBUPWmUaLsK,360.0,300.0,60.0,0,0,0
127EQsRS1C5UHZjHbTDk1LEXh2cessogUdM9HMsd6vXHFbBX,15.625,12.5,2.5,0.625,0,0
16SeKGQkWCwhX81FoTEvBWJaKqV57pZH3hgqMi3rKMbHZ4am,63.0,50.0,10.0,0,3.0,0
14BPJD7paxF4HsUjXw8vZkjU4NpUFTRxgRKubkSKcgKAyNGH,163.75,125.0,25.0,6.25,7.5,0
14r89NL7YhWyFCjFiX8h1P1RVRe5KbBovaoaQkuiw6fbogQL,186.92104273440003,155.76753561200002,31.1535071224,0,0,0
12hL3dX81tPgQ9AjwbE7iLqpYDnNQgB1wG4BdoUtdufCgpfH,655.0,500.0,100.0,25.0,30.0,0
164jqXne2F5EjiD4KfY7XFZG62ksTSE7sk2EBU3iPDu25YKr,60.0,50.0,10.0,0,0,0
145tDh6J6WFfCQtyP1MPsmL295a3w6bDEW2tWJf1jdzJzocc,40.75,12.5,2.5,25.0,0.75,0
14g8srcZBaN84vEJqxuXJAVcbtUDunry8ZbukDcjziru6iS9,655.0,500.0,100.0,25.0,30.0,0
13j8eyqWHx8HWpfh93PvAV7Lo4VXErkFpocux4h7ofkMWgCp,312.5,250.0,50.0,12.5,0,0
1A19obvnrqbjByRgcha2mX1CrJ5UULpFtf8z1eBhTcm7Fkh,15.0,12.5,2.5,0,0,0
13QmocMuySsFxbcBo8eDGrmBxkDV3QtmLp2tofphfsfcWpDY,600.0,500.0,100.0,0,0,0
16AsBK64PEwXUmSNkYE7V36KwgcMMDHou5Cx5ykL9ZpakMyR,40.75,12.5,2.5,25.0,0.75,0
12puME4RX1xxZXCsypo5Lr7ZDPr7HmMvogHXpkubeshdVJHn,21.0,17.5,3.5,0,0,0
1R5PqN4PQjUx7NKYBP4ryGwGoGNQRjh3oJFm9Zem1dFCHPL,98.25,75.0,15.0,3.75,4.5,0
1jXyhGoep8qttt2STMXGXGU9t2sJiVqYe2piEHHbgk2SZ2Y,116.2625,88.75,17.75,4.4375,5.325,0
16ZyBtk3tpkf5NPEzbP5e3oDUKVTQLH89P4LNmjrByu36yh1,640.625,512.5,102.5,25.625,0,0
14K5m2xeiFop8DoBpdxwZH6Y7graBFHJT7qceyaW39gEfTrz,1181.25,945.0,189.0,47.25,0,0
13rg9SrqUpjK1rp6vEX5hJwrcmPyaqpkpkeEzN844WJHPVUa,77.1875,61.75,12.35,3.0875,0,0
14wcJdBayNpSxCb4n4qXejLpTBLrS8A1YG86MoAczMssM2DN,40.625,12.5,2.5,25.625,0,0
15zJ3KoSw6K9LecBo3V6ZU9pkZcJQukoq2VoR6Jp5ZUVK1U6,187.5,150.0,30.0,7.5,0,0
12p4y1cmpTNeEfS2RfgT7QHD6zPXPYrVbQDh2YreCAzmM8uB,225.0,180.0,36.0,9.0,0,0
13GdewDbgTsQjXg1AXB7NFKQoHcHNWxrcQoDG7m2md4q6jAU,78.125,62.5,12.5,3.125,0,0
16V2GYecdypXsFkjqsN2x1AHqpza7BFNsnFpRRzwdwr9B2zN,163.75,125.0,25.0,6.25,7.5,0
1hHQDC3Ny1n43phJGW2fL1i89n1obUDFSGu7RAYBw5txQEX,60.0,50.0,10.0,0,0,0
15rDTmzuLh1PVnQeXRBEvxatt7bfSKsyi5JTqS3ttRuk53XY,76.75,12.5,2.5,61.0,0.75,0
14qwMn7ug9JKhEJv6pgzYhv6GKWpfHBR4e2dK9kfSRGx3DYh,156.25,125.0,25.0,6.25,0,0
15Ucw2Gsc18MPAJtCojBwmm8C8pv8zSDgaZ4hM58hfbCepMD,15.0,12.5,2.5,0,0,0
16V3a6kt9pNY3iKb66vxUh6ZvKePNjsR6AhMwBPaqZXXKk6a,77.5,62.5,12.5,2.5,0,0
139Y3VTj6GoLEn87GfWSwUQKSU78c6tBifyLv2Bp6bKfrzYg,31.25,25.0,5.0,1.25,0,0
1ecs8cnm8LiBH4od48LHy9R8dg78MUqHZaCxxZ6uBFrpRYS,625.0,500.0,100.0,25.0,0,0
13uV2EnJHbzBxZVwmFZvgngxmiUmMzJ9Wj8pzSYP33BKgcER,72.1375,25.0,5.0,40.6375,1.5,0
133LnUbycKd8oRZ4emrb78yfHaq5Dw6Hhb7rD2LZae7Kye6N,62.5,50.0,10.0,2.5,0,0
1ESUGJSLqD6QQDhB5qTorbW6xwdR7inidM98rx1sjpJzBeB,124.68750000000001,99.75000000000001,19.950000000000003,4.987500000000001,0,0
14cxTZANN3ke9Mn1vuvS3CsQak67Ka1zW86xMb3cTyrY8ErA,30.0,25.0,5.0,0,0,0
152kh71JG4PCmDqs8goEMfzn6SQfZNKjkmRW14CBPPokaE6W,250.0,200.0,40.0,10.0,0,0
15oNiX1ELfbd7Uh7UGCg91YYeoyJ1npN8PqQKjX88YHcBeTc,96.325,75.0,15.0,6.325,0,0
1dwHH7P9MiDCHxwDH2FA38cPdJ4qNuSiQ2MgUjDWXv8xhG4,75.0,62.5,12.5,0,0,0
13jToC2kXCQRXkmQaq7tzdp1KiKJ3oDvkLNMRRmSMPnK9cSK,150.0,125.0,25.0,0,0,0
14m5srhWvXjZKqve3pYmn84tMRMn8zMGdb4QTRH4Sz28bni7,18.0,15.0,3.0,0,0,0
1L5mYGuB97rSyqh8CH3384JUmPky1kwRxL7wphCrBVW9cu7,25.0,20.0,4.0,1.0,0,0
13GJb8vRwBFzrsMGg4QkVoXrxr8ADVS2aEMyPQK7uXveMTCK,15.625,12.5,2.5,0.625,0,0
15UibaReykNkLniCkLVjhUbjzRfwJsKeVJ4xmSio6H1YK6sE,15.625,12.5,2.5,0.625,0,0
14XcC4N1rCZGchxw4imeSrdGNUkMicwK4976mVcSPuQkySRV,93.75,75.0,15.0,3.75,0,0
16QMkyGa1ypWyhiyTHCtdUYBG2ru2TXdGxC9E5VJpdUSaJwJ,60.0,50.0,10.0,0,0,0
11FufVo4MXEqaMuEE7eWDV1qLS1Cs5kXRsJTYXG67VFkMv6,15.0,12.5,2.5,0,0,0
1533UD8tFYJBPFtkpS59YiUcSVo2aqPjSWqeb5Rm4QqyQD2F,30.0,25.0,5.0,0,0,0
14p6vRmmA6X38if6vypur8B3foF3SNofSrNrvA9DVHqWNStW,30.625,25.0,5.0,0.625,0,0
14aSshGMdX8Wk5HAksbTbSVzQdF28Neui2hNQ3S54baQMKko,297.0,247.5,49.5,0,0,0
12TbvSthsSo6kon2U4aFnywa5RVFND8oK6KTenA2Azed81Xr,1562.5,1250.0,250.0,62.5,0,0
12y4aEqZeAcnjaokHpP4XRHRqzDe868frZ6nYCMCKrLS9eaK,153.125,122.5,24.5,6.125,0,0
1shmixcboTbfd2nN2j7X47oyPn2eYEDXuQPCDn6QX8q4ndY,92.5,25.0,5.0,62.5,0,0
1gPS2rkEPc5XUMkmSDUoc3WLuV4dzGDwMMn98h6bmhoTSfe,78.125,62.5,12.5,3.125,0,0
13aV9ZvRFuYLMubJZCiHm5271PV1tHFGLCfej6TFfZrVHift,15.625,12.5,2.5,0.625,0,0
15kTejMfv5mqXmTB2JkMLtD6w68HAhSa6nHv6TEBw5eo3fKV,15.625,12.5,2.5,0.625,0,0
13DkCGJ4jya9HbBrXNUHF2Y9sA8PcriESiHyU4v4Gh1QL7CP,32.8125,26.25,5.25,1.3125,0,0
1eY37kyYvzYZimDogBPRiozJbYGLy9jnobyBFt5qcqV3TCG,81.875,62.5,12.5,3.125,3.75,0
14vuinxbDekjaBNKRM4HtR5aCyaveWXMCZaLG9kCtAtz8RhP,150.0,125.0,25.0,0,0,0
16M9UEc1XsyPNTRQczz1HKaUztxTwsUBpVyCzjchf32d4889,15.625,12.5,2.5,0.625,0,0
11aGYVajEN7urZdmk9M7S3YRnqt18hgDwFW3ESmaNsE2Mr4,18.75,15.0,3.0,0.75,0,0
14JyQ9onyDYt4CKhRdZQ2meuwz1TwcgGa1Mhy4GDw6GEBAXv,15.625,12.5,2.5,0.625,0,0
15B6xHJr2ZbHnbaRkihS21yvRkn4vYotA5h4ZbbTFuLBnUKv,50.0,40.0,8.0,2.0,0,0
16knsSkxooYchNabmP79JPBc36Psdcia4tg6624GB546mvDB,519.625,25.0,5.0,488.12500000000006,1.5,0
13Yk9qCbjV85QVpyYZWQZULLvHmktpKVu1FsdjuwKHydBa8k,30.0,25.0,5.0,0,0,0
13pULPetZN9XE8nQZ216pRnT7YmhziQ62zoVJ4sE3FJ59unm,15.625,12.5,2.5,0.625,0,0
1qEZCtkbYtd6G9W5Vdk969ysqm7zbmB5bhztVVjZNHLWUgH,15.625,12.5,2.5,0.625,0,0
1bAJ1H1yyHgVZAGqfqwJuoAbr5ZC9mrjXbS7XL1gw7mxVjq,30.0,25.0,5.0,0,0,0
13x6f9E39UD4MsJxSycJDMJbKyU1w8WWc3atmawj7AeZTZG2,31.25,25.0,5.0,1.25,0,0
13fz2VNQWk9QiTEPMKjzxoYjKeVX5yctj9WBhkTsQhcxuLVX,32.75,25.0,5.0,1.25,1.5,0
16MBbKyaTTs2jZiBiBaU1xph5VNStSyH9GmEa1QfA3fzsBwn,252.0,200.0,40.0,0,12.0,0
14j4SVLGXLWeptxgaGvEPpwDTQ3kMi5DKVY9MYBoZHLhFRWr,46.875,37.5,7.5,1.875,0,0
1got2QxVB1mdnWHZ5onsNaHD7u8R6G3B9wGmC5a43iCXHjr,312.5,250.0,50.0,12.5,0,0
15YPkAunG7ndH9AgVRrYDfSYB3s39MHtY94pT5V39ZcbVYqa,296.875,237.5,47.5,11.875,0,0
12xtXEvhKv7MGgNNDBkpszWtRyRvJw7UJSxWYeLQfR51Jo8q,90.0,75.0,15.0,0,0,0
126kbeVG643ZDLJp5UYihG7WQzS2BbsNaX8yxtaCfRS7UtQV,93.75,75.0,15.0,3.75,0,0
14iM1ZmgmKxaDd7tTuMNn25BUAAnX7LVyxHz39MqdmEjJjDT,450.0,375.0,75.0,0,0,0
14o46rLoqbGjjdgcistW8tHnpFecNBSfmUnFxHwN7y1cn8C,38.75,12.5,2.5,23.75,0,0
163MptPd6YYHLs6FQuKBZCsJN4cUZACJgnWSomvBvFwC7wJW,15.0,12.5,2.5,0,0,0
15z5FFaBgqDdk58reNXJyuV6ENas8tse6HJAUNAkqebL3V7e,75.0,62.5,12.5,0,0,0
14EPwyWL3xjHSqZLkXkft2XwoMgsdVHn95Uxx41pBozKyG4X,94.5,75.0,15.0,0,4.5,0
16AJPw7qzYtzpkoGWXskK3h7dt213PSrCgN2WXBJ2aDWjmxm,34.375,27.5,5.5,1.375,0,0
1339cAWxhXwxLfHqzpG16fsLdUt7uG4GAFkThT2mDNa9qoU7,300.0,250.0,50.0,0,0,0
1NQqqkReqiPUgyu7WWXP6Sqvb9PC1XYaGESi5Mg3W9un6s6,147.375,112.5,22.5,5.625,6.75,0
11KrirRPzNtcGU6s2sXUgUP27ALuSNjwvt7i3NE27qrpBs9,21.375,12.5,2.5,5.625,0.75,0
14B6oMcY3Ym6pDzRycCEgaT1aymGYtmT7CjUQyJynCBeAubX,23.4375,18.75,3.75,0.9375,0,0
12joTpcVv7s9qDJ3kosCNd8BVWdH9pgm4ijjiC1W4Nrk55F5,15.625,12.5,2.5,0.625,0,0
16Sy97bSg6L3em3TT2RgaiStycKvKiuQ72PNYTZdhPkLZprE,30.0,25.0,5.0,0,0,0
1cEbxKkHSPnHWgParveiPdrrPn4tAZyDSbEVXxzpuYi2yyB,229.25,175.0,35.0,8.75,10.5,0
13QqT5c3mDSLLHCocnwe6YnjfB2yzVTR7qA7ExUPpbFSCtZ7,31.25,25.0,5.0,1.25,0,0
133bQtUYJTfZtvGvagavXKtGhGUam8vxuVuYXnmUgNkekADy,90.0,75.0,15.0,0,0,0
15SG48UzcKwAFBZoKBdvZTn4sG1Nvnsd5PWWkHuNHrPThnQC,15.0,12.5,2.5,0,0,0
15rpn1Ma2Y17rKQNrnd99V74iXSGGgnd42X95kWtoQ7dYmTz,234.375,187.5,37.5,9.375,0,0
15g8aFeTAcA5FDVkmdF5eiBA5kDowVdGK8W4ZVk1tPUEGKGB,312.5,250.0,50.0,12.5,0,0
157ksDSa9P6iCjkxSD2ZUynAj4ed8dM2fA29dRPZpuE9Kz2x,46.875,37.5,7.5,1.875,0,0
16Syb73R3rU1g6rNZz9Gb9pgUPncqGSnUF1CAaRwJvzuxzSr,150.0,125.0,25.0,0,0,0
12EkYvuD35aKp4JPscSm1yR8GhrnXAYkG39pbtsQXmBp2Jr1,15.937500000000002,12.750000000000002,2.5500000000000003,0.6375000000000001,0,0
13kyKGHHjGJL8sgLQ9kLmbJtUFtz5spV9dj3e5doC7gkF4qr,60.0,50.0,10.0,0,0,0
16mCjoSec1A8y2FHjvPH3TEsuJ3verrm6zrysnJkJSEEHdN1,15.0,12.5,2.5,0,0,0
1TSaANiXBGHqTtXBfMwsNz8uLBRtPW49hE6mfmNzpvkEr7x,15.0,12.5,2.5,0,0,0
13gwfxnVb426NkLwWTV744tcyznzgGJaxwPprQj9JDi3hBcv,46.875,37.5,7.5,1.875,0,0
167ZefroAh1DREuHnEptetJeo65tGbph1DZBaENE9qrJQoda,93.75,75.0,15.0,3.75,0,0
16Ufhr1yCaadY34acMJ6yiYi58DZaKphgceBiXPWKnUBTqjn,3006.0,2505.0,501.0,0,0,0
15KJ1VGUWsZqLjRfsJMMmpcgqaxWyZh4679krYB3WqnuYnCJ,311.125,237.5,47.5,11.875,14.25,0
168FDMKu3M2Gvw9qC331yxj63XfpCe3Q18yaGFmFo6SrD4PL,45.85,35.0,7.0,1.75,2.1,0
13eAYGPexKxi4TNU4sLT3nsmBPDHFzuNuhFSnTzF6Q6AD8fS,28.25,12.5,2.5,12.5,0.75,0
141NRYSU2bEwikXkR4FpXCUNY2nFmWqTF484ksesx6XqHiGh,109.375,87.5,17.5,4.375,0,0
13gmKDNxo15HD4aS9fMJv1marWRswGZc1pfczG2Sy7ekx6DX,78.125,62.5,12.5,3.125,0,0
12p9B8CghAmpoJ7fJfCvCkwa7Jn1xjuW157g6shFoNWG9oKa,234.375,187.5,37.5,9.375,0,0
12vHQQAzRF55LBoxfpy9zNbSdmB3ertMnQaMmHm3dEg6WsuK,122.5,100.0,20.0,2.5,0,0
16K4pnAjuQtAnTEdaJE5hn8rAKBZfPMCAT3JBftBxtX8kkqt,15.0,12.5,2.5,0,0,0
15CuKgsmAoFXmnxqh7ywyrqkTHHFcwHeRbEP2MeVzQsdjss6,15.625,12.5,2.5,0.625,0,0
14BnW9vyvsTWjz3aEyUBNrkpAWfXrkUzLe7cR9KTU3cM3dze,78.125,62.5,12.5,3.125,0,0
14SothhRGsjNKDjNTk95TDyCA6NUHVufNTc1Y3XxKinxWVV4,31.25,25.0,5.0,1.25,0,0
13BPj1SztQ3JEih5T8beVzYNqFX1sgF6Uwna1sbwiSykm7Vd,45.0,37.5,7.5,0,0,0
14j7LpEk2nU47bS5y7oyBhsxxJc9pq8wE63YgdXQieJSEiPy,15.625,12.5,2.5,0.625,0,0
1gn8hDPuGrv5EdKjewvCbS3Dx5Mig1NhrwZF4nDN6icDL14,222.7,170.0,34.0,8.5,10.2,0
14uSLiFSxz6vGQaKTLv3Zr1QeXynoG9hiGfpQbVW7R9STMfj,32.75,25.0,5.0,1.25,1.5,0
1EHP8FkkUtonHuWtFJs48Sk8tjWYaXUTNimDAERLD5Ja6UP,15.0,12.5,2.5,0,0,0
14dn7zXbavHg9ZeEzsUyvg22DauAKHEoLVqjKQ26JQGjfwJc,167.025,127.5,25.5,6.375,7.6499999999999995,0
13g5bXQqoNsqDN9rvQYUFrKaGN4o37pyvnJ9Mxfv7wKZZTvP,28.35,22.5,4.5,0,1.3499999999999999,0
12YAc4E5KTTwoECGg5a36bXWZU29Zy88wohcoxwCXvvFqBay,31.25,25.0,5.0,1.25,0,0
121TxEfsxz1bwWK5JA4kQ9Pc79kjVJTAjEvspDmWTquke3yN,187.0,137.5,27.5,13.75,8.25,0
15rna62XWsA6cxL5ke76QPmfmWBNNeUpF4yv7419U2LZHy88,185.75,137.5,27.5,12.5,8.25,0
1J3Y2hhUcybMxNQzcKQ1Ru9ULXUi4nbJG4nAmkxiniGTqoZ,312.5,250.0,50.0,12.5,0,0
126z6YnjFXhDkNggr3NS82PXebuCmCdgXYgqQtP63CD8hA8D,18.75,15.0,3.0,0.75,0,0
12jLhX1wviPeBPv1KNUoYK7DarrE3Jw2TRyDnsEU4GeaF5rN,62.5,50.0,10.0,2.5,0,0
1ntKD3bZh44egqS1HpgF9Lbv7tcPSvToYNdTZ9zorpdeXAw,114.625,87.5,17.5,4.375,5.25,0
1WKKBEg2JC9oCwL5CGTYQd5xPv7N7unyu6DtiZqJvag5jkH,600.0,500.0,100.0,0,0,0
1Zcsusz7BeYqzL7cbRdK8tc6qRZE7jfpPhRXAP8TrFdbKqT,131.0,100.0,20.0,5.0,6.0,0
15TCSsmcLMGBuBdrMRWttQJMSwrLaVnB8QpreN9wbVzdKFsp,6000.0,5000.0,1000.0,0,0,0
121H1W3fCBxo8B2SrxYg9DNdHSPdRq7n5e1tAyqaUa3Nz2eZ,62.5,50.0,10.0,2.5,0,0
1hKUiJh77UHsuY5q6aEcpETxh2miJ4cYhA4Avapnj31fivk,81.875,62.5,12.5,3.125,3.75,0
14aRHbm7t4wDdTy3wFAC33jXNyUDNS2p1hPUcd1devn9K5xK,1250.0,1000.0,200.0,50.0,0,0
15o5vYAuexccGvV7kfS5m4CKpvo4hWtDWzU1NYafa9MhBwXF,15.0,12.5,2.5,0,0,0
12VwBJxCXqQzttSUJQ7UibNXUpJ4wyFLTw2YiLjW78fTNWSj,100.025,65.0,13.0,18.125,3.9,0
1smvPpmqHZHciodZNrr6KFwjqz7emt9PsXoQghUrK1Xq2wA,312.5,250.0,50.0,12.5,0,0
123S5wKVj6hFu11nitHuS3rcLxz8ceYW4uW8fpX9SatuiEqi,46.875,37.5,7.5,1.875,0,0
13zbPjhmf3FWzh1ebkD6fS73YQ3HQr1gCPzxGLJzBwkVEaMF,327.5,250.0,50.0,12.5,15.0,0
14BZBjTpA34gqeqJkviwPqU29EjB5qst9uz4yi7Qc5xLXZKi,15.0,12.5,2.5,0,0,0
13B29eCHpWj3mzhbRp26oWtbYvNoXoSSppsiF8rRckmZDBV7,15.625,12.5,2.5,0.625,0,0
12CSMjJc3Wwh81WaZn7mGei4AypW5U5Yjm572wPk69ijBbCq,356.25,285.0,57.0,14.25,0,0
16hUDqiXqGcAv9i2UVZgAYG3JXBKpFP6gBD9PdLUHynJcDYc,15.0,12.5,2.5,0,0,0
13tzFQyfVFnyhWrvfkB5tZMyFdyw1gKDVqdN5K5HuLx3VRA6,31.5,25.0,5.0,0,1.5,0
12TJPkhzEtzs6aWgidwnMWXGcWvTM8M3wV8LpQ6bdF7MAPXW,21.0,17.5,3.5,0,0,0
136syQvkNkJFduU7sVeY9Dq7vGutUza9j7SGbmrzEKMnbP2S,30.0,25.0,5.0,0,0,0
1pEnvAktsm4hPm2Z5YtH4PZJV6YWbABYjboo7UXPFZjNbab,15.0,12.5,2.5,0,0,0
14e51qLTzFvBgBXpqz7d9G9JsQvy5fiDJoBu9rnrM1ga9EEs,327.5,250.0,50.0,12.5,15.0,0
1211F1Dyxc1irdhuVdXpYLschLQP6iJ4sGUqndcRznu2oD9o,175.625,125.0,25.0,18.125,7.5,0
14yqmFau4wQkFozYVTvNUzEL4bQtEwU73Th8NyGi4nKG4GnJ,240.0,200.0,40.0,0,0,0
14DuxnVyjjTVW88T6Tkvn24YoxaaHTFVAnyYrxFch6DXSKMV,30.0,25.0,5.0,0,0,0
1nHnKPyhcycdtqFzTTMFRfwxt4N66znJhGk9oQWUoy5YhC4,45.0,37.5,7.5,0,0,0
1jbZxCFeNMRgVRfggkknf8sTWzrVKbzLvRuLWvSyg9bByRG,157.5,125.0,25.0,0,7.5,0
164wXcAWbgJFUG4e428sJMTKgjm7viKskBWBNofNjaghrDrV,35.4,29.5,5.9,0,0,0
13TbjDKoFLoymG29b7ikkfrmpr7DEzi5MsNjnoaU7kSLL8Ws,22.2,18.5,3.7,0,0,0
13bVoz3ZhgrKJs64ommRWHKxUShPYTTEp7yWkM9NDA7SHBvm,312.5,250.0,50.0,12.5,0,0
13v7QFdx2uF26SrNiRNJb4f2RR1o2a9G2i4ps1ZAGPWZVVpL,42.0,35.0,7.0,0,0,0
12gF1QgD4Zk8AhQjPRsBwkrCjvfGGjeFpGjkAzvYUypSWFTd,65.5,50.0,10.0,2.5,3.0,0
16JVnuvQQiLysJhjh8VzbDzoCjUA4c5QS2BFFZ6Lw6wYH4Tz,234.375,187.5,37.5,9.375,0,0
15Xnq7KGhc5WmAnK1fgkYQxrVnB91BRDCdnaFi4Ej8DA91vB,15.625,12.5,2.5,0.625,0,0
13YU1LAu5qqUJjr4R1LYVmovGSp1xHy693QEF28oCbwEwd5X,50.28042,38.382,7.6764,1.9191,2.30292,0
16FrJvCQhe5VuKQE2njK9attc7ef12PiXidREheDJARsRLsE,21.0,17.5,3.5,0,0,0
13DcmfJKMovcEuhTABkoZjN8yUj3diXiGRgYN6FCpsbMHP5R,20.475,16.25,3.25,0,0.975,0
1kArtkdCUsKwkqgKQ1kBn48Qn1qYU6DMyR3ksvyMxrTF3MW,312.5,250.0,50.0,12.5,0,0
13EUDHrE5oGESD3j5gfGpwzKdU3oxs8Kg42eSfSUTRdfnr8R,33.125,25.0,5.0,3.125,0,0
1392ALS7FFk2bzshnaxa3rXQoU5WarmCwJYXs9A4vdaGfSqZ,30.0,25.0,5.0,0,0,0
15AsnrCpTyG1qrFnRu7FBXTzTRPfrA88ypKogLZT3Uw5wv2o,15.0,12.5,2.5,0,0,0
16hv5LEsCMSdWkx7WbKC2PqvD8gbtejgFH3iVEoU6jwdPtYw,31.25,25.0,5.0,1.25,0,0
13gdbG6czVXWv5MqfoLsUSXkGV696bu68wktBAVe5Lp3YXre,56.25,45.0,9.0,2.25,0,0
13ottNG5LyGrYu8mfX1iwS5JDCAb3EUnJYe55Uca34M18Qqf,63.0,52.5,10.5,0,0,0
14mQNxtoGGzubTqa6c4kKqJoXQ1jg5AucjssJa5mmL3XiXMU,15.625,12.5,2.5,0.625,0,0
1TpVM1KxsTtWQHQYpjXFrWWnwC1cqQRcL2HGpsjRGCZWcyg,31.25,25.0,5.0,1.25,0,0
15mcG66RHLb8iFe58rG4QpvjuVoec4h3idNZUUi95ZjUray2,31.25,25.0,5.0,1.25,0,0
13uXmBt15iRPkYGnuzVkyhacQgHk26RGvJ7WyUCvhPsx2evY,163.75,125.0,25.0,6.25,7.5,0
126xWYGhMPkkY5gSJQyPvPhW6ajMb2zHdCrv4hP8JxDSgRfC,15.625,12.5,2.5,0.625,0,0
14ftb8f8NsfyY63WcPGy6pjvpdmibfAJUu6RSWBg5Vq37S4K,125.0,100.0,20.0,5.0,0,0
16SrKQfioNAw7Gx7ZF25NKL1QXsRrLSaXrvBRdjShb77iEv9,15.625,12.5,2.5,0.625,0,0
1EyC1aVnoFvHD6cvnvnYsceTXFav2imLthGMAWYF27RJ5AB,32.75,25.0,5.0,1.25,1.5,0
162L4eBTdbXze3Q4aVd72HTRSFZ8XmbtNnxE5Lpugj8rEvoK,120.0,100.0,20.0,0,0,0
16eoGytTLSq9psdrLk2CYwkEXGz6E8Qs68spEoWU4VmVwK3v,157.5,125.0,25.0,0,7.5,0
15apieQcJGUjWv9Db3NrawYMkHy6nETLgUmD4dZAorFVKjqn,15.625,12.5,2.5,0.625,0,0
129Z1yevND5kZKWaJNKY8Q1wjT6JBqqZX8ySkpruK5mbSMZa,31.25,25.0,5.0,1.25,0,0
152YDGEaKq9hGYV3bJFwe5UanarvEZjGS8aEQr5ATD37NE5D,18.0,15.0,3.0,0,0,0
13drFHgGDnVfcrs5qjPqcaWaJ6sQLqpJPiVwFJLsNsCWMvkD,15.625,12.5,2.5,0.625,0,0
15uQZ3swXPWQNjgbuhMqcazZgpT3WYViZ1FgmqhfJ7sFR7RB,1250.0,1000.0,200.0,50.0,0,0
15VWCSotvfvFYcy3NtisrVSXyN3znMuEzkjz66LF1hyQmUgL,140.625,112.5,22.5,5.625,0,0
12R98k5eiYWLWRaByztKYPCmX2qu5AnqHzGNbd9cuBmQXBER,49.125,37.5,7.5,1.875,2.25,0
1LEC7pyDoEGrLHJh2eFScDGR3nyx8aDWKsAzvps6BQS7Dft,337.5,230.0,46.0,61.5,0,0
14PjNs9W1xFktHRJKrZqUAsg9596cEiDiJjuDhBoyPMPaz2V,129.6875,103.75,20.75,5.1875,0,0
16X66xYWRkjNosh3okho6db1AMMzoARn3qpQsw6fChaiwNZV,781.25,625.0,125.0,31.25,0,0
15oVUTXwr9MdY1XWGmccSCrNc3gtoEMdT5pPYmsoHoEmpop2,150.0,125.0,25.0,0,0,0
162DHjnbo6YLbnJz2dHf6izsZggzk5RAook8uFg9Y1Pkxoky,21.0,17.5,3.5,0,0,0
1CL9SKC9YdJSJ6WqJ1snNkUt8KRZHnaGtBWJcnHehvCigYC,900.0,750.0,150.0,0,0,0
16a4RQe8io4ekEg5wANJEreF7gjmEJkFVrSBznKzUHhiYbt4,46.875,37.5,7.5,1.875,0,0
13b6xQytwZWTtvLAx1x4pAKJJKmPk78nLMJDoaUwbQWfLzQV,31.25,25.0,5.0,1.25,0,0
15hyUzNYHdy2yvq91q2XJf5bdgvZAmyixjgvpPocZwxnmMQm,171.0,142.5,28.5,0,0,0
12DrjUqxQ4fpTJmLuWNs9Tu5Mqz78iiYCFoUCB8mw1qun2ZS,6250.0,5000.0,1000.0,250.0,0,0
158CEGzarL4W6jYuAADsZt5fvRESZ7qXLaeLp5HqWeKtZnEq,109.375,87.5,17.5,4.375,0,0
126XnNuuDSUoBg5WZLcFfLCBZdDWM43RT3Neh9YDn3TgAPNH,15.625,12.5,2.5,0.625,0,0
12mUTHnoDP36L7SuZMSm1wkFGp5orUFChhPjpgYhc8FkDjPw,15.0,12.5,2.5,0,0,0
14ow869NcbRaNRPeRw6ud2PkeKZ48q5mRukvCprgfFNLizZz,31.25,25.0,5.0,1.25,0,0
1UHyxa7mZXZ9yy8zfmx5siCdmtmiDDbeq6vrC39CC3NkCdx,15.0,12.5,2.5,0,0,0
13rDyQVyQePD6EjgoLsSTmJwcLZDYuyKTRjhXJCSnydz1AKQ,22.470000000000002,18.725,3.745,0,0,0
1jnmqU2b3Nizufz8Dbe5b9fas3Z7LY38AUWktQW7GG57yBv,15.75,12.5,2.5,0,0.75,0
14jDLfWJ3SfAB6hCBZQ4Amb7oPsDtnkJwrkASDoXFaZFxTUE,94.5,75.0,15.0,0,4.5,0
156KGDk6UVpSZsBPUr1JLjVuz6Ri34zY1eXSEU3o1xaW9GwU,300.0,250.0,50.0,0,0,0
16hcndUJ2tnXaDZxaQWVWM95oJHKSZY9cMNYLtC39U2xkuCG,62.5,50.0,10.0,2.5,0,0
1dxggsBXXzJaAUKHrndXWC67aNUPdy1rwouN8otooCJqpW5,150.0,125.0,25.0,0,0,0
16FGaMzeGt1ZUNSRuqQR2gxBy5Zg4QEqxJLfLAMCWemTPsPd,38.2665625,30.61325,6.12265,1.5306625,0,0
15UmSoPpjb3TTiSFUrNcKUeyiKCrbfdHwcjdoh5qRBdsENgU,31.25,25.0,5.0,1.25,0,0
1565b3AGjWDCGLoaGVZr2NmXd9s9FUkji3pi8UVeySff39nj,31.25,25.0,5.0,1.25,0,0
126ezpGhsJFwRSSBzR48nprmbut71ERFwLXFpRsWWmkkfws6,45.0,37.5,7.5,0,0,0
14VXp9idfyhS83fdNHPVpUGGdUZJffGDTV5deRLUBhvr8AQa,30.0,25.0,5.0,0,0,0
12sgGAjsPYqQhqaTQCUuiiPsv6k65PiCsi8Qashkw8XuYmCt,15.625,12.5,2.5,0.625,0,0
12KkE5ZSCV3BkeGfEkfAdW9PyTy51WU6iydcqK6K6FEPMtGz,312.5,250.0,50.0,12.5,0,0
12C36wqm6vXS6d7Nttfcsid1KV4wC38xgMp7QRRgdQuofCKU,406.25,325.0,65.0,16.25,0,0
15VSzeE5xBWhsTrYnm9cJ1nPJuAUcuaSfvveaxNKEtCZzBnd,19.6875,15.75,3.15,0.7875,0,0
14AzHxWuj1J8yNm6seYFhTczGkPRBcrbEK28FfDYsXypDNbN,850.0,500.0,100.0,250.0,0,0
16ftfnhp32XgSdUkmQbNjZumNB9aBnWMZY8a8uv9WK87gxRm,125.0,100.0,20.0,5.0,0,0
16fZtftPnjSmnK8wrfSDqbxyCnevqg1h2qPBJsn4xtKy3CE2,150.0,125.0,25.0,0,0,0
136pZrt6ZrobyZoz678ssZekQdusx6mpkS7oGf28xHbHs9HZ,51.0,42.5,8.5,0,0,0
15BWSJg5WamQXZKSYhkcQCaksV7nZ4ZccnRcXsZD1TcsX2Rq,31.25,25.0,5.0,1.25,0,0
16etzhjxbyonn6fEaZzp7m7RfZfmM73MriWXr79PgQxvoDnZ,65.5,50.0,10.0,2.5,3.0,0
133iCroc49BA3gxciAWVstZbprgvY3zQmq3jfN4aaWcbWW4i,150.0,120.0,24.0,6.0,0,0
16DHyhFi9D8rgeL6axhYo6kDqSMofCaXp3m2cHfQGX6sDpP2,21.0,17.5,3.5,0,0,0
16JriM3NFYLsyUfzvA8GLMCYa25GZne5yuCbohcpq4f7UoVZ,156.25,125.0,25.0,6.25,0,0
165YxQnpiMLaVQdi1YrDPbc3D7r75pBATCy2zXY6DG4XVerw,15.625,12.5,2.5,0.625,0,0
1xMKdAnMQHxwwf9NjFpstRB9FoguhJXqtdj8KdxrJqb7mGK,15.625,12.5,2.5,0.625,0,0
1467H83hMyQtme9uE1SMDsbh2HH4MoAjvemtDDSwxukNkFgC,328.125,262.5,52.5,13.125,0,0
15VneBDiHwNCRML95V2cfyy7Hp7EZ1u2GsHa1aMiwrwL8SFC,83.4375,62.5,12.5,8.4375,0,0
14jKenmoqsEHMX1Q2qsExnC57En4C3FDAJvxDBhQAF4Qs2JZ,30.0,25.0,5.0,0,0,0
15678impoNMM1YxnWpbxXXVXZBCYfEugRWw4nCUt4UX6uZLb,15.6,13.0,2.6,0,0,0
16f3AfdiPcKD8mx9LCTsNsHfd82hGRTadsH6tthW6jpEwoJ,163.75,125.0,25.0,6.25,7.5,0
1469r4NuPagCLnvaGDLPXKvHEAgMaxw43CEnAPjLSFSX8STi,15.659999999999998,13.049999999999999,2.61,0,0,0
12Bgos4yZsuvgUHSybjiYE7Q7PHUMxJ4pzmnPjZHCyEzwmwY,62.5,50.0,10.0,2.5,0,0
124Kc8nkAYkafebpMuNrrpgt6vR6bdAbkcV1LVYvbSGC1gCM,40.625,32.5,6.5,1.625,0,0
13jKNx2E9Au3Lf44jZLMo1qNWkZkr3WRCpZcSzNm9LyJVqre,31.25,25.0,5.0,1.25,0,0
126rMTrzyTkQsWhQdCN5We1YUCofnB9AuBmjM2ZmbG3NzosA,15.0,12.5,2.5,0,0,0
1QdgHjAnG62fYgqgW5pHVNuG7YRPpmAyHrbgb97uXsDLBM7,15.625,12.5,2.5,0.625,0,0
1nHmyreLbmskGGYKezgHYy4wnGWs3XjxXWntccjHD9bc5iS,163.75,125.0,25.0,6.25,7.5,0
121EZfz1oyEvcTKVXusCqZWhyFuQ13x8BuRSna6kmfmKioBm,26.5625,21.25,4.25,1.0625,0,0
13EFG9uJWD9gii6Nz4Kx83dwYCUdbQWNUyBm8SpLe72X6vWz,30.0,25.0,5.0,0,0,0
16cJX9GwrGRwx95MRy3bjMH3zqX9Cg44RW7zuysnRdYtkeND,45.0,37.5,7.5,0,0,0
139J8ivciiBNy4aNMUGcp1p7jMbcFNH4x4dXpWe8qZ9JYfcf,315.0,250.0,50.0,0,15.0,0
149CbtDL9FXgUVr8nykvTfYKsMDBjnvZV634HoJdGgm4gYDR,241.875,193.5,38.7,9.675,0,0
14cwCkN5S2MuHR22pA171BUmjPMtQw7ugvJWeG8maBAWJFLE,62.5,50.0,10.0,2.5,0,0
16ArdZTEkh56UjhteRwBJ1gq8oD2LKrD2tBsZ17EdhGHDpm1,157.5,125.0,25.0,0,7.5,0
1s7H7aXkFVcWp7EG9QYT1FsjJXzsrHTgPy78i2FxZG6CBRr,32.75,25.0,5.0,1.25,1.5,0
13wTdpSLnRiF2aKg7SA5FU2gGGACnz8sKZa3u8M17rJw1DRx,39.0625,31.25,6.25,1.5625,0,0
16AL66bYWJGVr4nnbnjgXybvFACytVT5zoLGjuB6Bcki7qjS,19.65,15.0,3.0,0.75,0.8999999999999999,0
13MW37zk8abXu7N1M4p7dgjaqSHZkCLDi1VRKpa1TKsaqjHV,36.0,30.0,6.0,0,0,0
158qLnSU8Qx5yekvaRzKihbDYeV6goqbyET65RrvFG2PmjyS,62.5,50.0,10.0,2.5,0,0
13Xxik6pGUps7zhU81PETTF7miFoyWyYAZ2q23WMrTE6SVSs,15.0,12.5,2.5,0,0,0
16B52Vt6sr9z1EHP7LGkrXMqCsdFmydM3dmRmiNFgocfgGT8,66.4525,50.25,10.05,3.1375,3.015,0
1sKw6eGSB4pbMVzAbLgZHi2dYcNN75uSQ3fUUUcuNeHJT7o,218.75,175.0,35.0,8.75,0,0
1R2BAuQHYvkpYSmaaH8X2p4Xcjvr9sT1CaeN17x7EK6VY4A,28.25,12.5,2.5,13.25,0,0
12uK3huhme5bguqQH9ARxoRxBXxfAW5DBiHa2RxABZ2ZgBw9,15.625,12.5,2.5,0.625,0,0
14QD9ciVLStAUH5BU6ELDU2ARq3TLiDVrvLHnpJyM7kmCXDL,15.0,12.5,2.5,0,0,0
14GRU9kg6s5ijJh8KWAWvUBgedy2jea5SpzqBeR4k3aDQsiG,131.0,100.0,20.0,5.0,6.0,0
16kRN2yE1vcGE18AmJ3E7Y46K2Mu1zL5QoDvYENdyDRAqGB3,15.0,12.5,2.5,0,0,0
14kvkjUi6wQ9hEcowMr1Sm1XmbeddsBdsUhPxZ7ThMXDR6px,66.0,55.0,11.0,0,0,0
15gDhzbmPWoj3sSezD2EyGVRspnryaVxbFoMFmF9PZLVGtzW,62.5,50.0,10.0,2.5,0,0
13fzXMxMmjriujwcMvYE3LK9GFZxJxvc6N1yRgBgigUmHTtM,32.5,25.0,5.0,2.5,0,0
1Yd8gBSCM2DUBV7wv7t4SqJ7UND1fwEPFyHvf9ZB32WXwwC,62.5,50.0,10.0,2.5,0,0
13pkdUPGAxhCcnLyKV3dpkxa3MANuwd1hFkfsXcFDfeHpzEF,30.0,25.0,5.0,0,0,0
13BYKhNjSU5monPvyeXSTWSRWsjnS5DzbyufRPLNXnZf84zv,46.875,37.5,7.5,1.875,0,0
15KGvt1XCHWr3b4iCZnL2n378FwPh11u5NiEEcytoXJtNvB1,15.0,12.5,2.5,0,0,0
15fU7EYsfER6P3K2oNhcaLPwMxR1AgyHmsZsDJmpvmzoZzm6,32.75,25.0,5.0,1.25,1.5,0
1431UH1BuyiUzGo3Rz9FT5G53nBdL6Y4DuwpoCU1CDwL5EY2,343.75,275.0,55.0,13.75,0,0
15ijxGiGHif4qyvgjpU1JENYCdBJCc6qzxso2uhAs2XycPeq,15.0,12.5,2.5,0,0,0
12bRF3XiBTpyp8FZX5Tv6V7BY58W3gdHVFJ95CwcKUGoWjsm,121.25,100.0,20.0,1.25,0,0
16Xh19VbxUP6Mc9ib57QNEX9dnEaycgGduyP8UU89twyCP1s,31.25,25.0,5.0,1.25,0,0
15mFBofVkJXLGyHtTLBrEsMvxPMsEgw8sn5PW3CUg6PPsHKM,15.0,12.5,2.5,0,0,0
16aqETB3APqL5D8itUDCuzm8uu2iUDABNXU7AyZ4niH11UsT,312.5,250.0,50.0,12.5,0,0
148onmXfSLp4kRDernYDKXHqo7eRpCs8SiNYz49ZtWkPnNNr,78.125,62.5,12.5,3.125,0,0
13sJVHNbGa9t1b5H4L25p84y2Dz2GbmZ8k8fFky1hTXMbcbi,937.5,750.0,150.0,37.5,0,0
1pmnMmUjFEPGejNeMay6zbpEPanVehSUR6WrTyjnViZHtsh,17.9375,12.5,2.5,2.1875,0.75,0
14r9aGJfZTWVFB35MeDywabdaUGZK4y4HkeAV2qQVH17M5A9,65.5,50.0,10.0,2.5,3.0,0
11ayR6MtJrZxa3jEf6M3Urfe2keVvBTYkSMzRX4sZHFkdyZ,318.75,255.0,51.0,12.75,0,0
13eA1ajzEfspkDUtJxgPVSJw8RcmH7p4Uq82vqe3RriDtex2,48.75,37.5,7.5,3.75,0,0
1UK2jYAroKwZK1z1hPaEfVTFxd6HCv5jkRg86oe5oDscukr,262.0,200.0,40.0,10.0,12.0,0
12MwXxXmbXdo9i3Lqq32Vt5xoc7o1wXV8qpbjW4QVC8Pv8Ke,25.75,12.5,2.5,10.0,0.75,0
1pea7w2PuucPqmLJjUyGBxvK7oERcopGUHkEjEiZWtdutp8,15.0,12.5,2.5,0,0,0
1ZfgWDgnDUzz3rSevJFPxsXWbjyTc3ZCmCCypBFfBDHFciR,43.75,35.0,7.0,1.75,0,0
13RGgXrzxpUyuJYGiGEzF7mrEXdMt2ueSH2X7khvs35LTDs6,250.0,200.0,40.0,10.0,0,0
12uDBgnjdEDYvr33QizJDJqiGqzMJ13EqA8QzZVBZ9cA1cFq,31.25,25.0,5.0,1.25,0,0
15TCPNySwg7K5UvhgfYMqnfmbTdDBPBqZ7kZzCr5qJqqUSJn,65.5,50.0,10.0,2.5,3.0,0
13K54wsF8qcTNs1b98D8zHd3vAPZNkJytH1b3vzBFZpP4PqH,15.625,12.5,2.5,0.625,0,0
13sTn4gKwhWopbVxnFMURC6NRKrYNmGSJEHmA5vRQg8ZCGDf,94.975,72.5,14.5,3.625,4.35,0
13Qbq8eqztbNr1fDKEFDET1B38A12EjGBseSZkv5invFD6Km,15.0,12.5,2.5,0,0,0
1smnLmG77i5MZrhPWrRJa7LMbVc2yCmytYkN6vTLgmVb5uS,30.0,25.0,5.0,0,0,0
13MijXpEK2ELbaDYsRVPBJUUihGhf4CidrSzqkEKSeGsh9uT,72.05,55.0,11.0,2.75,3.3,0
15hs7ZtP4oFe5DD4SfQkPNVRXCkYKmZdkoeUD29UGWejhm3L,312.5,250.0,50.0,12.5,0,0
19T6BbrsSjTfe6tBtrD9MpM1M57KALbfAsZFuACnzrZGmJi,21.0,17.5,3.5,0,0,0
15ijb2ovb8gGtmwDDPBF9JR5kaenAFhq5kuNeXCohtcS9R1o,30.0,25.0,5.0,0,0,0
16fXaPoUBYUwQr6sb3ZXJtdgDDbCEhcbdXk2pA9QZnvJtmsE,212.5,170.0,34.0,8.5,0,0
14TB8YTqDpsCy5oHs6xGYa6vp5FhvxF5SXayoUFGgkeE7xXd,31.5,25.0,5.0,0,1.5,0
12ranggpkXHBR1qLLyvgVz9wvk3ieJynwxNG2QQUFGmnEBwA,31.25,25.0,5.0,1.25,0,0
14TNoThHvWYqmmuv1gTycRaf3DfhC6o7oyjKx1Bd9kB3WYk5,245.75,187.5,37.5,9.5,11.25,0
13TXGYEQtJ8cTSHqvBjP88a4fXQ5FGG96eGvWiGtAMWwwjKu,15.625,12.5,2.5,0.625,0,0
155VJv9W9rFkm6GYZ4QGTRDfkFDdAYeMK4QVAJS61ht1cxu7,30.0,25.0,5.0,0,0,0
12KMtT2oxos6JdtDv3ZuHZpkjppkYNBLUWceA23uDuJ4wkye,42.0,35.0,7.0,0,0,0
1397R5TJM2mfeLcueoWc8ZsZdPapDJp5naCRMK3kBZ3qZevc,1562.5,1250.0,250.0,62.5,0,0
15aySJqgE44WeS9GnfZ1Dns7LpjQFB9R9SbiBVYdeCPyN1nF,46.875,37.5,7.5,1.875,0,0
13NYD1m1EPgZGuT3UayY8rNoumrepyP8Cp63gLB7f7spUPZg,1625.0,1250.0,250.0,125.0,0,0
13VQNa17yEaCwThkSZkhHNdCDz9DoDjo4vETx6uUwFa4m148,312.5,250.0,50.0,12.5,0,0
1YvYe7yP5SbPCToKYCfX2nBAta29XytYrUxMx31665z2sEF,1200.0,1000.0,200.0,0,0,0
143e5k4pSbp8x4TWje3DvKmiehJicj23QeWAtLd32N91ifRo,31.25,25.0,5.0,1.25,0,0
16MfNGBxJetj7k4sbePCknMqVWNFxVghhyqJYKxKKj7sQwCZ,32.75,25.0,5.0,1.25,1.5,0
13NHCXWJoQwTqgSA3T9WHuDAVBgStKVot4XupxiQmn2HVfAM,31.25,25.0,5.0,1.25,0,0
15BTmxPbNDaraQuVUM5Q9GtNiXzZe7UHigLRi8wNDkuubdoP,468.75,375.0,75.0,18.75,0,0
12Ewwe3jAtA5s83TSvax5brTStLX9vvqTc1KKsSYFA8QAeoD,34.375,27.5,5.5,1.375,0,0
12vEhTCp6eBqFSBdx5PDsNseQV7Cwiovzg61KE4im7PH68VB,125.0,100.0,20.0,5.0,0,0
13RBPXSFqRZqzc3EX7hEroTx5cUHTvr1Q2stmC6S9zuZg8wz,90.0,75.0,15.0,0,0,0
1uiLAKAH9t3DAruwgcK2tWrXX6XEfNskz2j4L3B1vSCLmgG,465.0,387.5,77.5,0,0,0
14fqZsueySeNa8WAsSdryus2a5jQ7DCKuHcFTH9TyKQvAQnt,15.0,12.5,2.5,0,0,0
14W2ES9odcXtJ4HqZCFcrof3FkzYDs7mbt38BPpGcoPfYsmx,81.0,67.5,13.5,0,0,0
15fVQ3mGUcRUiPAE8KAYCUMqJHe5PRzxuxoCnRrFhQWn4HnZ,31.25,25.0,5.0,1.25,0,0
15BL1Lw1HwdepxeSQ2Q8R1SXsxz6qRkLbASnHYCvFC3zbNXA,62.5,50.0,10.0,2.5,0,0
12YeQjCXcRPW92D9FL6rUJ5RPxY7GB5xom95QiSV24bw3DG8,187.5,150.0,30.0,7.5,0,0
1LE3LBkifSqDauavkRQih1KdYtfd3VjZKaRc4KhvwqMduaN,31.25,25.0,5.0,1.25,0,0
12zvTh7H3aw8oXUDQURS717guVsjiFV1wyFfri6FNf3KeYNr,15.0,12.5,2.5,0,0,0
14Pt7tnUbccvFvX3ko1iQVjbZWWvBubj7HuuLaQ6ikgZ8pJK,30.0,25.0,5.0,0,0,0
15TGpf4HyF2L4ixCmLw6wv2dGfPy35JwMYk7mv3qgaL55C3c,15.625,12.5,2.5,0.625,0,0
1NHBdd9PNca7hf35oUvKBS1juRrUppkHvXJMNqhPoAuXWWV,30.0,25.0,5.0,0,0,0
1USPpVeXyAdeARnGZrVzpUo97HCazFdzB3kg6fMqaddft19,225.0,187.5,37.5,0,0,0
14opexi6tptqHjXNzsoRcX3DBw2LUTCUb7VBeGfa33myj6qT,150.0,125.0,25.0,0,0,0
1hAhzD4A6qT9csqNceG4zK5QczBc7GpCLaiVNZaJuPjs3dc,93.75,75.0,15.0,3.75,0,0
15SSpYSjuh2GEcp8mXVCCFWRA7KAmVrxDjzDYFUiViTVBRbZ,156.25,125.0,25.0,6.25,0,0
1ExarTiV9EsXi7CkR2MKDazNZMLTt9ndCX8y1Xu9Q6Y66uZ,90.0,75.0,15.0,0,0,0
14uhU3UJMuBLcyog8WdxxRErf4Jr2VnB9PEqe1hRDKtHoTCV,62.5,50.0,10.0,2.5,0,0
12xqqV46mnUbAbqSmooD9bWw4F3JxtceH6gsMMNhTnojkaL7,156.25,125.0,25.0,6.25,0,0
12Ts45aU3wZHWLoLvXbrGPGR9joU52DMbEVqbnRcWCbVUKxK,21.875,17.5,3.5,0.875,0,0
1hAwm6oYSm37KNSEs8yq9g9M3Tq2HXBn8YqgXZkeUfXnnto,150.0,125.0,25.0,0,0,0
13Vb9LS37XPUZxNw2XsuPBochuckDfeRkA4oLWHzrhrLm4qh,115.625,92.5,18.5,4.625,0,0
16SK2ZoXX3K5dWqG3VjBb616tqJ1NRGGDnVsaM6KST1r4m1D,30.0,25.0,5.0,0,0,0
14ED4LazifnrG7YoYWa3bxwFEmPhDibTdQ6fX9aU19obhN76,78.125,62.5,12.5,3.125,0,0
112KeVwjtRnKwCRKUxLDfxzzuk3V6ZcnJxto5zZF55Tm3Dg,15.0,12.5,2.5,0,0,0
12F8F7JqRgYkjyMT4H5Z2VUnKqjnrBG6UHhaQU3MqKqbwsSh,15.625,12.5,2.5,0.625,0,0
14YcPBTt4y9ZiQhSHQ82tZqJYQKvLgU3eb8D464fhPestrwt,52.975,43.0,8.6,1.375,0,0
12Eik7FKjZcB2LV5e1w8evbF5q7zC3kkNXivxVhcMNgREexJ,150.0,125.0,25.0,0,0,0
14rzFsph5b2141fGvWoGj1ppqzCn929H1BJhLZ3fDbFaDNTu,15.0,12.5,2.5,0,0,0
1HAuyavXr9bMASsMotndCQpZ6Nj2YpNcrxE9MDuwNMiF8ng,81.875,62.5,12.5,3.125,3.75,0
13GvkroyTy9D9pu8ppXJLaAFAKmmq3GWeEw5NTkD2haDavNS,62.5,50.0,10.0,2.5,0,0
15SPMV48Wi5MNsoZiDT6n9fFBKKB4qLZCBob6SP4CDRGNJQD,60.0,50.0,10.0,0,0,0
1jQZeci55MiPqAqw31AqSyLsEi6YFCDU34Z6r2EDiZe7z3D,25.0,20.0,4.0,1.0,0,0
1eQWnhBZJBBREh2MQtrLwLRuhMbCzzqjqQVRodyLyBhjiU1,32.75,25.0,5.0,1.25,1.5,0
13Try3TPfBc3tAXm1bxUPKqGRSMF5fCtwhLec25tS3ERWcfk,15.0,12.5,2.5,0,0,0
13Y5wZZLjmRGbwVaJP11txinV7eeEZfwgTm9AQPQi8116wWu,31.25,25.0,5.0,1.25,0,0
12YrYvz1CduZ1Z4vWTv9W4uXsyTqdsBKSp1oZAUcRCnWGduR,15.0,12.5,2.5,0,0,0
15u3zEk1Ahe39etEmioKeHXqzr9MGqFBA4qPaXZcaBCDUuve,15.625,12.5,2.5,0.625,0,0
14gVLR3kd8bYp9Hc6DuB7FfCtBNwk543EGe8uT8C2Rn1UWFC,58.275000000000006,45.0,9.0,1.575,2.6999999999999997,0
15S89u9P5zcbfvUfQjGdryzXATCcpfqZFA81TCQHnG7o3cua,62.5,50.0,10.0,2.5,0,0
1L9FoXtELFbagJcSA6rBt58emFsaw1wzQjULCeNMPYztYwC,32.75,25.0,5.0,1.25,1.5,0
1Wh6TdUB2QZAU38VjjbWD4MewUeckgnyU7hm5woRndwvC5k,49.125,37.5,7.5,1.875,2.25,0
16eo9gBjnvuG41zNQT5RRX4QhjUZzs59jX2q2kSsDtjhdWmS,156.25,125.0,25.0,6.25,0,0
16iFncVwrXttomSJBss3TQNNPDEmCFY6rq5o6a5mmN54fBQa,15.625,12.5,2.5,0.625,0,0
14DnBuA7Qt4ZywXJ2pWSG8AtMcAWNJZzRJHeF6X7xmAxXQmE,3016.2878,2500.0315,500.0063,16.25,0,0
124VfXzTjfBp2R9T5oqrPQeCCfZ3Q8VnjBB4ZmtTQk1dBCoQ,31.25,25.0,5.0,1.25,0,0
15oZczmk8G7vmnk2U6NwomTvQvfBSZSB3TuksskxBfGonP8s,15.625,12.5,2.5,0.625,0,0
14u4vTMQaQz12i4QcAGz5NNVCjEmYpTqdjU1DBbvVB9Bipwy,32.75,25.0,5.0,1.25,1.5,0
15Dg5pisWptiHRXpg88cav2ChQhBCg6PXxjekHUaBgGDwBbz,4500.0,3750.0,750.0,0,0,0
12E8vuw1iPWmx7xoMgfNZj3oynSSCDBTHD9ukDyNUrhwFV2i,31.25,25.0,5.0,1.25,0,0
1baGpmo5ifVjXaX5YKX1GzTdu1og734VDmaPEds9C8ZED5g,30.0,25.0,5.0,0,0,0
125wNWS5gHrATcD5bprpx1pokRkRh2VBRXru9yBta27qPA7a,450.0,375.0,75.0,0,0,0
1bc6jrktnLrUrBHbQBnCUBGquNCpsQAtGTuHvgt38ULUdLc,31.25,25.0,5.0,1.25,0,0
145TeBftxVGpATMgWLkFKjVcgseTrVeYDJbayzv5vkN4uEzy,30.0,25.0,5.0,0,0,0
14GLHN4KnsQuvnQbnus2F7GFty8pt8wV32z3J3i7C7JucStY,312.5,250.0,50.0,12.5,0,0
16ARfwdiQL5ZB2ZcT9Lu1jZ5fDxi81dK7CYidPNKEDxKNRs1,16.375,12.5,2.5,0.625,0.75,0
13E7MUWh1aVnhnR7FPZtsiymPx1evmLVdo2h3ygRMPhLi7Du,72.5,50.0,10.0,12.5,0,0
148zPREJufeWjeXtfxwmNL9dXPJb28Fs59ypxY561HNrWqDX,15.625,12.5,2.5,0.625,0,0
158hLExKbuZjJrC2vqwsbEezxnNSbjqRrrPkg6uPbbrRac1X,31.25,25.0,5.0,1.25,0,0
16P78JbzZmzQriTJxCtViyRWBP1iS2zCkpurtvSrZzMzYtmL,30.0,25.0,5.0,0,0,0
15qsr4shBRhPuPrQnfN9syNmD7tLVL1wcfinujAjVWD6C7Yn,625.0,500.0,100.0,25.0,0,0
15SPcmaqW5yBTBzmUKkK6gd95cESVwWvDKmYbsJRCSitFECk,15.625,12.5,2.5,0.625,0,0
13zvztdTwgfLrC9Ratipuu9o9iZae49eXJV5E9QdXcvd3nJJ,31.5625,25.25,5.05,1.2625,0,0
13HJ7kqenNEgymH7mNiVFsAUjJpqhD7P2eGtAgzUDvfVkmvY,45.0,37.5,7.5,0,0,0
12NW5ZDR7vBoRJdRr3s3nau8cBBCeRZmWLPqz45DSj2Eu6e4,925.0,750.0,150.0,25.0,0,0
14VpZK8bUpfLmzzHuJb5opgGktfCE1AyGEMcCzUp65oG7aeA,31.25,25.0,5.0,1.25,0,0
12bPxGQxfnsteDQ1Xc2uXtsiv14rk8b5CuopER8rAF4nFhdu,30.0,25.0,5.0,0,0,0
12U61pAGCELD9pcQLWxiRMW2vUKug4Tqujimb78m4oZsxQCh,15.625,12.5,2.5,0.625,0,0
15JwHQFNPjtqF5VJKAPyPcP9z8UNvgbj11cpsTFDDc3t8ASf,30.0,25.0,5.0,0,0,0
163AZADwuQzpRqjc5RWFrSFEk3S7sKzKgdJh23WEfbp7mNAm,15.0,12.5,2.5,0,0,0
14SrEpkM2ooD7LqMmJ7kmvjRgEYr6qG2XaY7Eo4CYDm21moK,45.625,37.5,7.5,0.625,0,0
12pBUpGkdaFcTbe5yDfbpxVSNxiwVus9g2Y6dD4nhMmRV6QS,15.625,12.5,2.5,0.625,0,0
13u7yfm5cy8mg3JyFUZUt5yTTJfLudZnD7aZ2dDSp419c492,24.0,20.0,4.0,0,0,0
1uxfDP2YJu6xoV8pXPnejhNPHnYTXVVJQBg7GdcqEhhCaxQ,15.0,12.5,2.5,0,0,0
12ans1vFHBgrbbKZTiH25bWmPDSbAnWr2z1JAM2nZUYLGGB3,88.425,67.5,13.5,3.375,4.05,0
12zjcnr39v2Mm8PwsJe21bfFRVChhXexPTq8MDR1kQGhk5Pg,62.5,50.0,10.0,2.5,0,0
1jXS1eKS9K9rBs6UUbxSbMJRPxLbZGGDX6FVY1D9AfWNZ8y,171.875,137.5,27.5,6.875,0,0
13g9eECwXPSxnFTqGvceUPxAh6hZEJZQTfeLDBJXunRqvFZq,31.25,25.0,5.0,1.25,0,0
15ogeCooShimdm8v6GQy7eEjYR3ZBGpUz6EhZ5cMb3ik8URw,312.5,250.0,50.0,12.5,0,0
14VX7gQSDY5KFGeDJffomAAuZBoHazeKbTsXEjvvuMJxXec4,15.625,12.5,2.5,0.625,0,0
14bGZbMs3TUzNXoUbddQWL9YyyauTAa2ihFDcCJDihw7bjD,30.0,25.0,5.0,0,0,0
13bjFNJ5837zynShATZ8Uwyh49ehjXyfwrmCo4Uh6XRvuZDF,27.976499999685,13.274999999750001,2.6549999999500002,11.25,0.7964999999850001,0
16VHu1DYXzeP3GUSFzMmNYbfpqJVeU6aZLZ1C7uUYvXZHxx5,31.25,25.0,5.0,1.25,0,0
14iUWk9Bum8JGj4JN8H4FN9RMvKE5Uguba7tMviab2BAskm3,15.625,12.5,2.5,0.625,0,0
14dK9YPn2dkzAb8fd7gh3oxV4LwUb5G5h7GbbRF2pCXyetrq,15.625,12.5,2.5,0.625,0,0
1CLx3PqitqP1TctbnwjLiUW9ChFnQrJA6mdhCz6KrLL3FBo,30.0,25.0,5.0,0,0,0
1sNBZpqMzR68HGr5iqVvHz4gVqyo71czkdi3FuGtWpuprvQ,98.25,75.0,15.0,3.75,4.5,0
12W2J4y8fhrkppX5YhYCHD6s7tUb4NgViE7YsfoMKS59zdVW,15.0,12.5,2.5,0,0,0
1xiwgJ1CPhdn2Gx9VFp5zUL61kxHf9kmetriPYPZG5edJMt,150.0,125.0,25.0,0,0,0
15tge4dhLYenMCU9SpW5R8NZV1y4W4eJ91bmAEyNA6TCmhsv,15.0,12.5,2.5,0,0,0
12YLsa7F4VXf5dgnikp2e6KpNJMUEzhkpwZhqS2uovHkUdHv,32.75,25.0,5.0,1.25,1.5,0
13pJTAncg9xgrW7CGX8G6mxubena3BGQs2AEGn6CSCXygo1U,15.0,12.5,2.5,0,0,0
12xcE9wiHeoU5YhPA685uLHz27z5wPmRy9cQvCwc3etgGeKq,15.0,12.5,2.5,0,0,0
121jK6bqdeBsjWXLKpxMgLMAMkvPAh2W4n7qtENKPBN1RseA,32.75,25.0,5.0,1.25,1.5,0
143wJP21razGnRoK6JVFjQq8DLLXERheYNu23Skf51fMNoXQ,57.375,46.5,9.3,1.575,0,0
1WxARSUZcR6JFs59eoyFRKrRVijrvbiYd9u5JAJYwGizTBs,15.0,12.5,2.5,0,0,0
15rETVdaQP2rmVwKpoD3fYonjPQrW7tARC2evWhbLajV35Ts,167.75,125.0,25.0,10.25,7.5,0
131avjPAsrAv32nhFJs85i6bjh5KbQ1pR1P6t7UjjUM6T64c,163.75,125.0,25.0,6.25,7.5,0
16HwYTS2ZAMUhRKoL11ZYbvjzGLvqxQgDQ9q8jReS2PXPXyC,94.5,75.0,15.0,0,4.5,0
15wNhyHrmzd8bTyr8fejpcYJPPhb57nJfbTS6ZP8zz7X3g11,60.0,50.0,10.0,0,0,0
13mAjFVjFDpfa42k2dLdSnUyrSzK8vAySsoudnxX2EKVtfaq,15.0,12.5,2.5,0,0,0
1djY4CKCHgHKfjKodmY48wd1tHHtXMvLJHyB8auqDs6pLCb,31.25,25.0,5.0,1.25,0,0
1PF1HLL56khkyxPWpDbUoj1xFQZtBjrcVc11f9KUjMB5Mt1,708.4622625000002,12.5,2.5,692.7122625000002,0.75,0
14VhvBxm2FC86BU4ez9o13hyYJVw4GrAUEw1dpwi9M6EUAn8,327.5,250.0,50.0,12.5,15.0,0
12eYngBigSMfwgjK8Fn4qMvwJv8SS7ybCzG853YtE5dw5TRC,121.25,75.0,15.0,31.25,0,0
1YjzDfPjPbr7ySg2pgcqbU7gPWK45CdqmyC1vRmGaTKHU86,131.0,100.0,20.0,5.0,6.0,0
12jXPvrvyLbvrk5WDAKEpxB9sSU5aEyQwSwhprRtiaz1rbW4,21.6875,17.5,3.5,0.6875,0,0
15owWjc2Pc9CSCxrdBBTVFkfcpwQSrYDEXJt4ADDbvMuMRc7,15.0,12.5,2.5,0,0,0
14JW7djjNRo1LqfGL2vHZUHXCLGj8psy5QA9yzdtUeu7ReuT,60.0,50.0,10.0,0,0,0
15dBDiNcayhwxZtZ8sM5ofbeT9qNWwdpAvjaCpaPg41MuzMj,32.75,25.0,5.0,1.25,1.5,0
12xcfRzUZpCZUtSaqW3aBw2WHNVb364gXWiJJyATQUZfUNmx,65.5,50.0,10.0,2.5,3.0,0
1YwLkELyBzi1nc74hmxLwGrJzDhjrimq8E7PTdLGiVqYMqS,15.625,12.5,2.5,0.625,0,0
16VBfWfinyR734huGwZk51gNRyfNEBC7bfvrWWNWAWHPa29B,50.625,25.0,5.0,20.625,0,0
16S9L7cb3GZ1upipeAu1wC27SXefWbMVWDY692bC3LHqrsNY,18.75,12.5,2.5,3.75,0,0
16Xsd2EPRvBj3y2yGAvfYXE8Hom5XidcTdXv9nfNqznkYawE,63.03968999999999,50.031499999999994,10.0063,0,3.00189,0
12xiw7AkPtWwFsLr7fRCZLkqyeYbCXTRqtthbutVFz5grrgU,1124.55,12.5,2.5,1109.55,0,0
14tosEVwbchUsXF9XFZeEFWGCQJqpV8ZgisWQfaSUVa3agcA,15.0,12.5,2.5,0,0,0
14Kji4gGxw2jTWGTHKewR5RXbS9uB5SMNZHJvQHdwnEZdYxc,60.0,50.0,10.0,0,0,0
14gFcNgfp36gn66nxPYLScb2kazSuaRoMAK5euMytAhVHRft,45.0,37.5,7.5,0,0,0
139QgpXujdWEnSNPiyd3ZzQ4SnV2nXTL7yM5CmEKggvLePvi,47.25,37.5,7.5,0,2.25,0
1399Jvc57hLZt3QXog4f36cSphNoDAeWQM9okXPVAsoFyS6J,60.0,50.0,10.0,0,0,0
14QfYrQaDgM5pXCjLmTtNF5cgk3EcncBbdfM3394KhxDdH4Y,30.0,25.0,5.0,0,0,0
16Ptzbyf4LzXFVVQ45ndSeRR4AtwVMC3waaeoz6W6hWPdvEQ,157.5,125.0,25.0,0,7.5,0
13ipe8YCjQPuK5ZPQ5h6RptnxGrRxjq7hCfkViZtSBgtSQai,30.0,25.0,5.0,0,0,0
12uV6JXsFNa29c5jkxkVzRh7GAw9JBBC2UuGYXMk4qLXArfB,15.0,12.5,2.5,0,0,0
12LDDPVCsjbuVvvCp1JQCLadM6fhzTRZoLY8bihThfqJGqAe,31.5,25.0,5.0,0,1.5,0
16MicRbY5KkHP8oAehmHEfssM5h4t7sbVhGprqVxV3uV3Yc5,90.0,75.0,15.0,0,0,0
15UzMKDuv3vzo3dmmtJ4ZBy5H6NyBtvZqMLXM38XHiRe3vFX,18.0,15.0,3.0,0,0,0
12pME4fPiNJpp1bxZcKUzqWKfEk5e1sD7qnf25Y5hhfmdFXp,94.5,75.0,15.0,0,4.5,0
16PuWbEjjyuBQrngQ6hQRouoCLcCbuiq7VCEQ3WsiTALQDnV,450.14087518739996,375.1173959895,75.0234791979,0,0,0
15kPQutjGHmATZAMYeFxFGRd4sXj9Wmzd92CV953d7WmphxV,135.0,112.5,22.5,0,0,0
13j6zBmnF42oDBtCnrZ7MSXv1U3yKPeYbu9JiPnu7CZeKMqm,63.0,50.0,10.0,0,3.0,0
12DzFq9fAkjvJ8aXsjr7pF7YaP8b9yCNmwvXYfcAfPg97rMe,4989.6,3960.0,792.0,0,237.6,0
15YTvjwygsBuBmvn5i4ewvYmi5i4wFopiSBZ271gDpCQWNhP,105.0,87.5,17.5,0,0,0
16kcewWiQGXJPP5UYVn8jskdFB7b8U6GfxXy7sLhXQnt9VFP,300.0,250.0,50.0,0,0,0
13KLek3vupduRMh8oUe41bMKmJDkkCo6R2bNwHNRAEMkq7Fo,180.0,150.0,30.0,0,0,0
162KRpsBGvAhStxTVXTLQkdCnPS3TeaejJx5o3K8Fgc3hCdm,81.0,67.5,13.5,0,0,0
13KKkUtWoTezYowx81b8oXzP2BTVYWbY5qFySZFrZDK1YA2q,15.0,12.5,2.5,0,0,0
1zkRkpCbD2nhB6vMEwxYxAsLh5SYYXXSVmatviKSk86SFFC,30000.0,25000.0,5000.0,0,0,0
12Vf5iExJSzAqMSpj4NWcydvKVLBsB7AzL7GfkkRVRd8jgJ4,48.0,40.0,8.0,0,0,0
145RtHKdoia8FJYdEoEwaqsxXZx8pUoLfQWUT3DGc3rViKKU,60.0,50.0,10.0,0,0,0
13EU4ZRhbSmTpAS9NBnGV7HRnNxhfxHptjrzzyQ2K1k7H25f,30.0,25.0,5.0,0,0,0
16MbCQjF7WmRvJyEYNBLUCSuYTYsiMXDTiaMRdzCmy7FqbHq,21.0,17.5,3.5,0,0,0
13dZpPau3Q1UAddQwyDVmTp47W92WeoVE2g8JfRPopcv45NC,15.75,12.5,2.5,0,0.75,0
15tPw8f2YuWXaX5fa6uY44hBoUqbPgV9xfUTK46FxkMHLGMe,30.0,25.0,5.0,0,0,0
16DmvhR8HHmrfWJ3veDZrNZngLdoWZnXzpSKQ7MfvERwcbvN,225.0,187.5,37.5,0,0,0
14mf8DS9Yp7h77T5BS6fpkvfrxfN5fXoSoY2cuWzqX1wCGku,30.0,25.0,5.0,0,0,0
13ttTYD5JGataEkRgnpNN8o6DA6eZAwLBmYGodcSccwrjRY5,25.0,25.0,0.0,0,0,0
16Rpn8Aftrqgd3wTibnsQxuvGfJhfL27G8NYWGdTQafuoEmF,30.0,30.0,0.0,0,0,0
12mgr6rc23XBNjaedk5caYMynHpMF6j2ErWHPiSPxKWetMYH,52.5,52.5,0.0,0,0,0
15wcpWBRwGey3RYUxUbU4EDY7rSPZ2ZzNhnJ75Ckgkit2bVh,12.5,12.5,0.0,0,0,0
16MU26cEZDqsm1z7VdTYCAbGTtcDbTN8MJ1xrBS6W4cnNKvU,53.0,50.0,0.0,0,3.0,0
12T6YQXP1NtzKpMRgxt2XSbNAwNaPfAHZmkvoC3t3dywuTpD,25.0,25.0,0.0,0,0,0
13in4ow6Hagg2gLKrkbzosBFSqhNPF8xubH4AWLFvoE1NTm4,26.5,25.0,0.0,0,1.5,0
1zn7iuU3n9Mf2ov8D1sPPEjxjLifdoWqaZniafo6nXX5KC6,26.5,25.0,0.0,0,1.5,0
12H7K6kg9m7DDWhrhPXmBwYPy8VPTVMRbsKQ42T1MKhuF1qE,50.0,50.0,0.0,0,0,0
15bAEMBZzUKiYFuexpZPLcyNEHvwxPbT6MYs5JZmtCyUqdTA,24.22495314475,24.22495314475,0.0,0,0,0
13BmqmB4taacDCLTC49GcxwfL9v7xvjmvFeBudg91aGh2sJF,12.5,12.5,0.0,0,0,0
13QDNmdPyeKJfZTdMC49MzAPhGEKLATyNtfSy9YF2oGZMpSQ,12.5,12.5,0.0,0,0,0
1nbfUeWBBEcZ2VXd1TT8yWDtULRvbicpnQHJptD8z8CWhp9,116.25,116.25,0.0,0,0,0
13bGukUQHtog14YSXH1V2ySrpRZZ2GU7oyJefJHGYbQnxRGW,250.0,250.0,0.0,0,0,0
13phrq7gYDgemmCc4xzGm7SCabmGXgQurh4eTYA1XTB4KKqj,37.5,37.5,0.0,0,0,0
1KQ1svmKdmohhA9bXSBStZqcPW4mNiZqwEfAD8KJtiqV89M,250.0,250.0,0.0,0,0,0
14uLCp4mvE4iMu2pNnRBcSpp2wfnopsopwMdns7wCeMRvkM9,50.0,50.0,0.0,0,0,0
15oti8eZpekZSrHDQ1FVHjYR7mpzN3UmWihjV7Kjyhvp3EoB,13.25,12.5,0.0,0,0.75,0
128tKmLHM1qxhFSsXNB18efY4an9mLTZH27kmLCBuu4y5xcD,12.5,12.5,0.0,0,0,0
14rjPBzYwNnb3dfVjCH8L6MR3djRwXEuuomDLeRKzXxyG9ZD,337.5,337.5,0.0,0,0,0
15JB235N33neRxvNuxotHVA6vmkFuTBh6onJ17KsoioWo9bV,25.0,25.0,0.0,0,0,0
155noHREAPVN5TzkNZcdyfbhm46vNeJRC2Hgj95YjwJSgTvK,13.75,13.75,0.0,0,0,0
15XxkgA8xZCwCLuT1qfeZoyCa8o3wDqqnGbdRJkkY4y27qYU,12.5,12.5,0.0,0,0,0
